Country;Region;Happiness Rank;Happiness Score;Economy (GDP per Capita);Social Support;Family;Health (Life Expectancy);Freedom;Trust (Government Corruption);Generosity;Dystopia Residual;Year
Switzerland;Western Europe;1;7.587;139.651;;1.34951;0.94143;0.66557;0.41978;0.29678;2.51738;2015
Iceland;Western Europe;2;7.561;130.232;;1.40223;0.94784;0.62877;0.14145;0.4363;2.70201;2015
Denmark;Western Europe;3;7.527;132548,00;;1.36058;0.87464;0.64938;0.48357;0.34139;2.49204;2015
Norway;Western Europe;4;7.522;1459,00;;1.33095;0.88521;0.66973;0.36503;0.34699;2.46531;2015
Canada;North America;5;7.427;132.629;;1.32261;0.90563;0.63297;0.32957;0.45811;2.45176;2015
Finland;Western Europe;6;7.406;129.025;;1.31826;0.88911;0.64169;0.41372;0.23351;2.61955;2015
Netherlands;Western Europe;7;7.378;132.944;;1.28017;0.89284;0.61576;0.31814;0.4761;2.4657;2015
Sweden;Western Europe;8;7.364;133.171;;1.28907;0.91087;0.6598;0.43844;0.36262;2.37119;2015
New Zealand;Australia and New Zealand;9;7.286;125.018;;1.31967;0.90837;0.63938;0.42922;0.47501;2.26425;2015
Australia;Australia and New Zealand;10;7.284;133.358;;1.30923;0.93156;0.65124;0.35637;0.43562;2.26646;2015
Israel;Middle East and Northern Africa;11;7.278;122.857;;1.22393;0.91387;0.41319;0.07785;0.33172;3.08854;2015
Costa Rica;Latin America and Caribbean;12;7.226;0.95578;;1.23788;0.86027;0.63376;0.10583;0.25497;3.17728;2015
Austria;Western Europe;13;7.2;133.723;;1.29704;0.89042;0.62433;0.18676;0.33088;2.5332;2015
Mexico;Latin America and Caribbean;14;7.187;102.054;;0.91451;0.81444;0.48181;0.21312;0.14074;3.60214;2015
United States;North America;15;7.119;139.451;;1.24711;0.86179;0.54604;0.1589;0.40105;2.51011;2015
Brazil;Latin America and Caribbean;16;6.983;0.98124;;1.23287;0.69702;0.49049;0.17521;0.14574;3.26001;2015
Luxembourg;Western Europe;17;6.946;156.391;;1.21963;0.91894;0.61583;0.37798;0.28034;1.96961;2015
Ireland;Western Europe;18;6.94;133.596;;1.36948;0.89533;0.61777;0.28703;0.45901;1.9757;2015
Belgium;Western Europe;19;6.937;130.782;;1.28566;0.89667;0.5845;0.2254;0.2225;2.41484;2015
United Arab Emirates;Middle East and Northern Africa;20;6.901;142.727;;1.12575;0.80925;0.64157;0.38583;0.26428;2.24743;2015
United Kingdom;Western Europe;21;6.867;126.637;;1.28548;0.90943;0.59625;0.32067;0.51912;1.96994;2015
Oman;Middle East and Northern Africa;22;6.853;136.011;;1.08182;0.76276;0.63274;0.32524;0.21542;2.47489;2015
Venezuela;Latin America and Caribbean;23;6.81;104.424;;1.25596;0.72052;0.42908;0.11069;0.05841;3.19131;2015
Singapore;Southeastern Asia;24;6.798;152.186;;1.02;1.02525;0.54252;0.4921;0.31105;1.88501;2015
Panama;Latin America and Caribbean;25;6.786;106.353;;1.1985;0.79661;0.5421;0.0927;0.24434;2.84848;2015
Germany;Western Europe;26;6.75;132.792;;1.29937;0.89186;0.61477;0.21843;0.28214;2.11569;2015
Chile;Latin America and Caribbean;27;6.67;110.715;;1.12447;0.85857;0.44132;0.12869;0.33363;2.67585;2015
Qatar;Middle East and Northern Africa;28;6.611;169.042;;1.0786;0.79733;0.6404;0.52208;0.32573;1.55674;2015
France;Western Europe;29;6.575;127.778;;1.26038;0.94579;0.55011;0.20646;0.12332;2.21126;2015
Argentina;Latin America and Caribbean;30;6.574;105.351;;1.24823;0.78723;0.44974;0.08484;0.11451;2.836;2015
Czech Republic;Central and Eastern Europe;31;6.505;117.898;;1.20643;0.84483;0.46364;0.02652;0.10686;2.67782;2015
Uruguay;Latin America and Caribbean;32;6.485;106.166;;1.2089;0.8116;0.60362;0.24558;0.2324;2.32142;2015
Colombia;Latin America and Caribbean;33;6.477;0.91861;;1.24018;0.69077;0.53466;0.0512;0.18401;2.85737;2015
Thailand;Southeastern Asia;34;6.455;0.9669;;1.26504;0.7385;0.55664;0.03187;0.5763;2.31945;2015
Saudi Arabia;Middle East and Northern Africa;35;6.411;139.541;;1.08393;0.72025;0.31048;0.32524;0.13706;2.43872;2015
Spain;Western Europe;36;6.329;123.011;;1.31379;0.95562;0.45951;0.06398;0.18227;2.12367;2015
Malta;Western Europe;37;6.302;12.074;;1.30203;0.88721;0.60365;0.13586;0.51752;1.6488;2015
Taiwan;Eastern Asia;38;6.298;129.098;;1.07617;0.8753;0.3974;0.08129;0.25376;2.32323;2015
Kuwait;Middle East and Northern Africa;39;6.295;155.422;;1.16594;0.72492;0.55499;0.25609;0.16228;1.87634;2015
Suriname;Latin America and Caribbean;40;6.269;0.99534;;972;0.6082;0.59657;0.13633;0.16991;2.79094;2015
Trinidad and Tobago;Latin America and Caribbean;41;6.168;121.183;;1.18354;0.61483;0.55884;0.0114;0.31844;2.26882;2015
El Salvador;Latin America and Caribbean;42;6.13;0.76454;;1.02507;0.67737;0.4035;0.11776;0.10692;3.035;2015
Guatemala;Latin America and Caribbean;43;6.123;0.74553;;1.04356;0.64425;0.57733;0.09472;0.27489;2.74255;2015
Uzbekistan;Central and Eastern Europe;44;6.003;0.63244;;1.34043;0.59772;0.65821;0.30826;0.22837;2.23741;2015
Slovakia;Central and Eastern Europe;45;5.995;116.891;;1.26999;0.78902;0.31751;0.03431;0.16893;2.24639;2015
Japan;Eastern Asia;46;5.987;127.074;;1.25712;0.99111;0.49615;0.1806;0.10705;1.68435;2015
South Korea;Eastern Asia;47;5.984;124.461;;0.95774;0.96538;0.33208;0.07857;0.18557;2.21978;2015
Ecuador;Latin America and Caribbean;48;5.975;0.86402;;0.99903;0.79075;0.48574;0.1809;0.11541;2.53942;2015
Bahrain;Middle East and Northern Africa;49;5.96;132.376;;1.21624;0.74716;0.45492;306;0.17362;1.73797;2015
Italy;Western Europe;50;5.948;125.114;;1.19777;0.95446;0.26236;0.02901;0.22823;2.02518;2015
Bolivia;Latin America and Caribbean;51;5.89;0.68133;;0.97841;0.5392;0.57414;88;0.20536;2.82334;2015
Moldova;Central and Eastern Europe;52;5.889;0.59448;;1.01528;0.61826;0.32818;0.01615;0.20951;3.10712;2015
Paraguay;Latin America and Caribbean;53;5.878;0.75985;;1.30477;0.66098;0.53899;0.08242;0.3424;2.18896;2015
Kazakhstan;Central and Eastern Europe;54;5.855;112.254;;1.12241;0.64368;0.51649;0.08454;0.11827;2.24729;2015
Slovenia;Central and Eastern Europe;55;5.848;118.498;;1.27385;0.87337;0.60855;0.03787;0.25328;1.61583;2015
Lithuania;Central and Eastern Europe;56;5.833;114.723;;1.25745;0.73128;0.21342;0.01031;0.02641;2.44649;2015
Nicaragua;Latin America and Caribbean;57;5.828;0.59325;;1.14184;0.74314;0.55475;0.19317;0.27815;2.32407;2015
Peru;Latin America and Caribbean;58;5.824;0.90019;;0.97459;0.73017;0.41496;0.05989;0.14982;2.5945;2015
Belarus;Central and Eastern Europe;59;5.813;103.192;;1.23289;0.73608;0.37938;0.1909;0.11046;2.1309;2015
Poland;Central and Eastern Europe;60;5.791;112.555;;1.27948;0.77903;0.53122;0.04212;0.16759;1.86565;2015
Malaysia;Southeastern Asia;61;5.77;112.486;;1.07023;0.72394;0.53024;0.10501;0.33075;1.88541;2015
Croatia;Central and Eastern Europe;62;5.759;108.254;;0.79624;0.78805;0.25883;0.0243;0.05444;2.75414;2015
Libya;Middle East and Northern Africa;63;5.754;113.145;;1.11862;0.7038;0.41668;0.11023;0.18295;2.09066;2015
Russia;Central and Eastern Europe;64;5.716;113.764;;1.23617;0.66926;0.36679;0.03005;0.00199;2.27394;2015
Jamaica;Latin America and Caribbean;65;5.709;0.81038;;1.15102;0.68741;0.50442;0.02299;0.2123;2.32038;2015
North Cyprus;Western Europe;66;5.695;120.806;;1.07008;0.92356;0.49027;0.1428;0.26169;1.59888;2015
Cyprus;Western Europe;67;5.689;120.813;;0.89318;0.92356;0.40672;0.06146;0.30638;1.88931;2015
Algeria;Middle East and Northern Africa;68;5.605;0.93929;;1.07772;0.61766;0.28579;0.17383;0.07822;2.43209;2015
Kosovo;Central and Eastern Europe;69;5.589;0.80148;;0.81198;0.63132;0.24749;0.04741;0.2831;2.76579;2015
Turkmenistan;Central and Eastern Europe;70;5.548;0.95847;;1.22668;0.53886;0.4761;0.30844;0.16979;1.86984;2015
Mauritius;Sub-Saharan Africa;71;5.477;100.761;;0.98521;0.7095;0.56066;0.07521;0.37744;1.76145;2015
Hong Kong;Eastern Asia;72;5.474;138.604;;1.05818;1.01328;0.59608;0.37124;0.39478;0.65429;2015
Estonia;Central and Eastern Europe;73;5.429;115.174;;1.22791;0.77361;0.44888;0.15184;0.0868;1.58782;2015
Indonesia;Southeastern Asia;74;5.399;0.82827;;1.08708;0.63793;0.46611;0.0;0.51535;1.86399;2015
Vietnam;Southeastern Asia;75;5.36;0.63216;;0.91226;0.74676;0.59444;0.10441;0.1686;2.20173;2015
Turkey;Middle East and Northern Africa;76;5.332;106.098;;0.94632;0.73172;0.22815;0.15746;0.12253;2.08528;2015
Kyrgyzstan;Central and Eastern Europe;77;5.286;0.47428;;1.15115;0.65088;0.43477;0.04232;0.3003;2.2327;2015
Nigeria;Sub-Saharan Africa;78;5.268;0.65435;;0.90432;0.16007;0.34334;0.0403;0.27233;2.89319;2015
Bhutan;Southern Asia;79;5.253;0.77042;;1.10395;0.57407;0.53206;0.15445;0.47998;1.63794;2015
Azerbaijan;Central and Eastern Europe;80;5.212;102.389;;0.93793;0.64045;0.3703;0.16065;0.07799;2.00073;2015
Pakistan;Southern Asia;81;5.194;0.59543;;0.41411;0.51466;0.12102;0.10464;0.33671;3.10709;2015
Jordan;Middle East and Northern Africa;82;5.192;0.90198;;1.05392;0.69639;0.40661;0.14293;0.11053;1.87996;2015
Montenegro;Central and Eastern Europe;82;5.192;0.97438;;0.90557;0.72521;0.1826;0.14296;0.1614;2.10017;2015
China;Eastern Asia;84;5.14;0.89012;;0.94675;0.81658;0.51697;0.02781;0.08185;1.8604;2015
Zambia;Sub-Saharan Africa;85;5.129;0.47038;;0.91612;0.29924;0.48827;0.12468;0.19591;2.6343;2015
Romania;Central and Eastern Europe;86;5.124;104.345;;0.88588;0.7689;0.35068;0.00649;0.13748;1.93129;2015
Serbia;Central and Eastern Europe;87;5.123;0.92053;;1.00964;0.74836;0.20107;0.02617;0.19231;2.025;2015
Portugal;Western Europe;88;5.102;115.991;;1.13935;0.87519;0.51469;0.01078;0.13719;1.26462;2015
Latvia;Central and Eastern Europe;89;5.098;111.312;;1.09562;0.72437;0.29671;0.06332;0.18226;1.62215;2015
Philippines;Southeastern Asia;90;5.073;0.70532;;1.03516;0.58114;0.62545;0.12279;0.24991;1.7536;2015
Somaliland region;Sub-Saharan Africa;91;5.057;0.18847;;0.95152;0.43873;0.46582;0.39928;0.50318;2.11032;2015
Morocco;Middle East and Northern Africa;92;5.013;0.73479;;0.64095;0.60954;0.41691;0.08546;0.07172;2.45373;2015
Macedonia;Central and Eastern Europe;93;5.007;0.91851;;1.00232;0.73545;0.33457;0.05327;0.22359;1.73933;2015
Mozambique;Sub-Saharan Africa;94;4.971;0.08308;;1.02626;0.09131;0.34037;0.15603;0.22269;3.05137;2015
Albania;Central and Eastern Europe;95;4.959;0.87867;;0.80434;0.81325;0.35733;0.06413;0.14272;1.89894;2015
Bosnia and Herzegovina;Central and Eastern Europe;96;4.949;0.83223;;0.91916;0.79081;0.09245;0.00227;0.24808;2.06367;2015
Lesotho;Sub-Saharan Africa;97;4.898;0.37545;;1.04103;0.07612;0.31767;0.12504;0.16388;2.79832;2015
Dominican Republic;Latin America and Caribbean;98;4.885;0.89537;;1.17202;0.66825;0.57672;0.14234;0.21684;1.21305;2015
Laos;Southeastern Asia;99;4.876;0.59066;;0.73803;0.54909;0.59591;0.24249;0.42192;1.73799;2015
Mongolia;Eastern Asia;100;4.874;0.82819;;1.3006;0.60268;0.43626;0.02666;0.3323;1.34759;2015
Swaziland;Sub-Saharan Africa;101;4.867;0.71206;;1.07284;0.07566;0.30658;0.0306;0.18259;2.48676;2015
Greece;Western Europe;102;4.857;115.406;;0.92933;0.88213;0.07699;0.01397;0.0;1.80101;2015
Lebanon;Middle East and Northern Africa;103;4.839;102.564;;0.80001;0.83947;0.33916;0.04582;0.21854;1.57059;2015
Hungary;Central and Eastern Europe;104;4.8;112.094;;1.20215;0.75905;0.32112;0.02758;128;1.24074;2015
Honduras;Latin America and Caribbean;105;4.788;0.59532;;0.95348;0.6951;0.40148;0.06825;0.23027;1.84408;2015
Tajikistan;Central and Eastern Europe;106;4.786;0.39047;;0.85563;0.57379;0.47216;0.15072;0.22974;2.11399;2015
Tunisia;Middle East and Northern Africa;107;4.739;0.88113;;0.60429;0.73793;0.26268;0.06358;0.06431;2.12466;2015
Palestinian Territories;Middle East and Northern Africa;108;4.715;0.59867;;0.92558;0.66015;0.24499;0.12905;0.11251;2.04384;2015
Bangladesh;Southern Asia;109;4.694;0.39753;;0.43106;0.60164;0.4082;0.12569;0.21222;2.51767;2015
Iran;Middle East and Northern Africa;110;4.686;10.088;;0.54447;0.69805;0.30033;0.05863;0.38086;1.6944;2015
Ukraine;Central and Eastern Europe;111;4.681;0.79907;;1.20278;0.6739;0.25123;0.02961;0.15275;1.5714;2015
Iraq;Middle East and Northern Africa;112;4.677;0.98549;;0.81889;0.60237;0.0;0.13788;0.17922;1.95335;2015
South Africa;Sub-Saharan Africa;113;4.642;0.92049;;1.18468;0.27688;0.33207;0.08884;0.11973;1.71956;2015
Ghana;Sub-Saharan Africa;114;4.633;0.54558;;0.67954;0.40132;0.42342;0.04355;0.23087;2.30919;2015
Zimbabwe;Sub-Saharan Africa;115;4.61;271,00;;1.03276;0.33475;0.25861;0.08079;0.18987;2.44191;2015
Liberia;Sub-Saharan Africa;116;4.571;0.0712;;0.78968;0.34201;0.28531;0.06232;0.24362;2.77729;2015
India;Southern Asia;117;4.565;0.64499;;0.38174;0.51529;0.39786;0.08492;0.26475;2.27513;2015
Sudan;Sub-Saharan Africa;118;4.55;0.52107;;1.01404;0.36878;0.10081;0.1466;0.19062;2.20857;2015
Haiti;Latin America and Caribbean;119;4.518;0.26673;;0.74302;0.38847;0.24425;0.17175;0.46187;2.24173;2015
Congo (Kinshasa);Sub-Saharan Africa;120;4.517;0.0;;1.0012;0.09806;0.22605;0.07625;0.24834;2.86712;2015
Nepal;Southern Asia;121;4.514;0.35997;;0.86449;0.56874;0.38282;0.05907;0.32296;1.95637;2015
Ethiopia;Sub-Saharan Africa;122;4.512;0.19073;;0.60406;0.44055;0.4345;0.15048;0.24325;2.44876;2015
Sierra Leone;Sub-Saharan Africa;123;4.507;0.33024;;0.95571;0.0;0.4084;0.08786;0.21488;2.51009;2015
Mauritania;Sub-Saharan Africa;124;4.436;0.45407;;0.86908;0.35874;0.24232;0.17461;219;2.11773;2015
Kenya;Sub-Saharan Africa;125;4.419;0.36471;;0.99876;0.41435;0.42215;0.05839;0.37542;1.78555;2015
Djibouti;Sub-Saharan Africa;126;4.369;0.44025;;0.59207;0.36291;0.46074;0.28105;0.18093;2.05125;2015
Armenia;Central and Eastern Europe;127;4.35;0.76821;;0.77711;0.7299;0.19847;39;0.07855;1.75873;2015
Botswana;Sub-Saharan Africa;128;4.332;0.99355;;1.10464;0.04776;0.49495;0.12474;0.10461;1.46181;2015
Myanmar;Southeastern Asia;129;4.307;0.27108;;0.70905;0.48246;0.44017;0.19034;0.79588;1.41805;2015
Georgia;Central and Eastern Europe;130;4.297;0.7419;;0.38562;0.72926;0.40577;0.38331;0.05547;1.59541;2015
Malawi;Sub-Saharan Africa;131;4.292;0.01604;;0.41134;0.22562;0.43054;0.06977;0.33128;2.80791;2015
Sri Lanka;Southern Asia;132;4.271;0.83524;;1.01905;0.70806;0.53726;0.09179;0.40828;0.67108;2015
Cameroon;Sub-Saharan Africa;133;4.252;0.4225;;0.88767;0.23402;0.49309;0.05786;0.20618;1.95071;2015
Bulgaria;Central and Eastern Europe;134;4.218;101.216;;1.10614;0.76649;0.30587;0.00872;0.11921;0.89991;2015
Egypt;Middle East and Northern Africa;135;4.194;0.8818;;747;0.61712;0.17288;0.06324;0.11291;1.59927;2015
Yemen;Middle East and Northern Africa;136;4.077;0.54649;;0.68093;0.40064;0.35571;0.07854;0.09131;1.92313;2015
Angola;Sub-Saharan Africa;137;4.033;0.75778;;0.8604;0.16683;0.10384;0.07122;0.12344;1.94939;2015
Mali;Sub-Saharan Africa;138;3.995;0.26074;;1.03526;0.20583;0.38857;0.12352;0.18798;1.79293;2015
Congo (Brazzaville);Sub-Saharan Africa;139;3.989;0.67866;;0.6629;0.31051;0.41466;0.11686;0.12388;1.68135;2015
Comoros;Sub-Saharan Africa;140;3.956;0.23906;;0.79273;0.36315;0.22917;199;0.17441;1.95812;2015
Uganda;Sub-Saharan Africa;141;3.931;0.21102;;1.13299;0.33861;0.45727;0.07267;0.29066;1.42766;2015
Senegal;Sub-Saharan Africa;142;3.904;0.36498;;0.97619;0.4354;0.36772;0.10713;0.20843;1.44395;2015
Gabon;Sub-Saharan Africa;143;3.896;106.024;;0.90528;0.43372;0.31914;0.11091;0.06822;0.99895;2015
Niger;Sub-Saharan Africa;144;3.845;0.0694;;0.77265;0.29707;0.47692;0.15639;0.19387;1.87877;2015
Cambodia;Southeastern Asia;145;3.819;0.46038;;0.62736;0.61114;0.66246;0.07247;0.40359;0.98195;2015
Tanzania;Sub-Saharan Africa;146;3.781;0.2852;;1.00268;0.38215;0.32878;0.05747;0.34377;1.38079;2015
Madagascar;Sub-Saharan Africa;147;3.681;0.20824;;0.66801;0.46721;0.19184;0.08124;0.21333;1.851;2015
Central African Republic;Sub-Saharan Africa;148;3.678;0.0785;;0.0;0.06699;0.48879;0.08289;0.23835;2.7223;2015
Chad;Sub-Saharan Africa;149;3.667;0.34193;;0.76062;0.1501;0.23501;0.05269;0.18386;1.94296;2015
Guinea;Sub-Saharan Africa;150;3.656;0.17417;;0.46475;0.24009;0.37725;0.12139;0.28657;1.99172;2015
Ivory Coast;Sub-Saharan Africa;151;3.655;0.46534;;0.77115;0.15185;0.46866;0.17922;0.20165;1.41723;2015
Burkina Faso;Sub-Saharan Africa;152;3.587;0.25812;;0.85188;0.27125;0.39493;0.12832;0.21747;1.46494;2015
Afghanistan;Southern Asia;153;3.575;0.31982;;0.30285;0.30335;0.23414;0.09719;0.3651;1.9521;2015
Rwanda;Sub-Saharan Africa;154;3.465;0.22208;;0.7737;0.42864;0.59201;0.55191;0.22628;0.67042;2015
Benin;Sub-Saharan Africa;155;3.34;0.28665;;0.35386;0.3191;0.4845;0.0801;0.1826;1.63328;2015
Syria;Middle East and Northern Africa;156;3.006;0.6632;;0.47489;0.72193;0.15684;0.18906;0.47179;0.32858;2015
Burundi;Sub-Saharan Africa;157;2.905;0.0153;;0.41587;0.22396;0.1185;0.10062;0.19727;1.83302;2015
Togo;Sub-Saharan Africa;158;2.839;0.20868;;0.13995;0.28443;0.36453;0.10731;0.16681;1.56726;2015
Denmark;Western Europe;1;7.526;144.178;;1.16374;0.79504;0.57941;0.44453;0.36171;2.73939;2016
Switzerland;Western Europe;2;7.509;152.733;;1.14524;0.86303;0.58557;0.41203;0.28083;2.69463;2016
Iceland;Western Europe;3;7.501;142.666;;1.18326;0.86733;0.56624;0.14975;0.47678;2.83137;2016
Norway;Western Europe;4;7.498;157.744;;1.1269;0.79579;0.59609;0.35776;0.37895;2.66465;2016
Finland;Western Europe;5;7.413;140.598;;1.13464;0.81091;0.57104;0.41004;0.25492;2.82596;2016
Canada;North America;6;7.404;144.015;;1.0961;0.8276;0.5737;0.31329;0.44834;2.70485;2016
Netherlands;Western Europe;7;7.339;146.468;;1.02912;0.81231;0.55211;0.29927;0.47416;2.70749;2016
New Zealand;Australia and New Zealand;8;7.334;136.066;;1.17278;0.83096;0.58147;0.41904;0.49401;2.47553;2016
Australia;Australia and New Zealand;9;7.313;144.443;;1.10476;0.8512;0.56837;0.32331;0.47407;2.5465;2016
Sweden;Western Europe;10;7.291;145.181;;1.08764;0.83121;0.58218;0.40867;0.38254;2.54734;2016
Israel;Middle East and Northern Africa;11;7.267;133.766;;0.99537;0.84917;0.36432;0.08728;0.32288;3.31029;2016
Austria;Western Europe;12;7.119;145.038;;1.08383;0.80565;0.54355;0.21348;0.32865;2.69343;2016
United States;North America;13;7.104;150.796;;1.04782;779;0.48163;0.14868;0.41077;2.72782;2016
Costa Rica;Latin America and Caribbean;14;7.087;106.879;;1.02152;0.76146;0.55225;0.10547;0.22553;3.35168;2016
Puerto Rico;Latin America and Caribbean;15;7.039;135.943;;1.08113;0.77758;0.46823;0.12275;0.22202;3.0076;2016
Germany;Western Europe;16;6.994;144.787;;1.09774;0.81487;0.53466;0.28551;0.30452;2.50931;2016
Brazil;Latin America and Caribbean;17;6.952;108.754;;1.03938;0.61415;0.40425;0.14166;0.15776;3.50733;2016
Belgium;Western Europe;18;6.929;142.539;;1.05249;0.81959;0.51354;0.26248;0.2424;2.61355;2016
Ireland;Western Europe;19;6.907;148.341;;1.16157;0.81455;0.54008;0.29754;0.44963;2.15988;2016
Luxembourg;Western Europe;20;6.871;169.752;;1.03999;0.84542;0.5487;0.35329;0.27571;2.11055;2016
Mexico;Latin America and Caribbean;21;6.778;111.508;;0.7146;0.71143;0.37709;0.18355;0.11735;3.55906;2016
Singapore;Southeastern Asia;22;6.739;164.555;;0.86758;0.94719;0.4877;0.46987;0.32706;1.99375;2016
United Kingdom;Western Europe;23;6.725;140.283;;1.08672;0.80991;0.50036;0.27399;0.50156;2.14999;2016
Chile;Latin America and Caribbean;24;6.705;12.167;;0.90587;0.81883;0.37789;0.11451;0.31595;2.95505;2016
Panama;Latin America and Caribbean;25;6.701;118.306;;0.98912;0.70835;0.48927;0.08423;0.2418;3.00559;2016
Argentina;Latin America and Caribbean;26;6.65;115.137;;1.06612;0.69711;0.42284;0.07296;0.10989;3.12985;2016
Czech Republic;Central and Eastern Europe;27;6.596;130.915;;1.00793;0.76376;0.41418;0.03986;0.09929;2.96211;2016
United Arab Emirates;Middle East and Northern Africa;28;6.573;157.352;;0.87114;0.72993;0.56215;0.35561;0.26591;2.21507;2016
Uruguay;Latin America and Caribbean;29;6.545;118.157;;1.03143;0.72183;0.54388;0.21394;0.18056;2.67139;2016
Malta;Western Europe;30;6.488;130.782;;1.09879;0.80315;0.54994;0.17554;0.56237;1.99032;2016
Colombia;Latin America and Caribbean;31;6.481;103.032;;1.02169;0.59659;0.44735;0.05399;0.15626;3.17471;2016
France;Western Europe;32;6.478;139.488;;1.00508;0.83795;0.46562;0.17808;0.1216;2.4744;2016
Thailand;Southeastern Asia;33;6.474;10.893;;1.04477;0.64915;0.49553;0.02833;0.58696;2.5796;2016
Saudi Arabia;Middle East and Northern Africa;34;6.379;148.953;;0.84829;0.59267;0.37904;0.30008;0.15457;2.61482;2016
Taiwan;Eastern Asia;34;6.379;139.729;;0.92624;0.79565;0.32377;0.0663;0.25495;2.61523;2016
Qatar;Middle East and Northern Africa;36;6.375;182.427;;0.87964;0.71723;0.56679;0.48049;0.32388;1.58224;2016
Spain;Western Europe;37;6.361;134.253;;1.12945;0.87896;0.37545;0.06137;0.17665;2.39663;2016
Algeria;Middle East and Northern Africa;38;6.355;105.266;;0.83309;0.61804;0.21006;0.16157;0.07044;3.40904;2016
Guatemala;Latin America and Caribbean;39;6.324;0.83454;;0.87119;0.54039;0.50379;0.08701;0.28808;3.19863;2016
Suriname;Latin America and Caribbean;40;6.269;109.686;;0.77866;0.50933;0.52234;0.12692;0.16665;3.06852;2016
Kuwait;Middle East and Northern Africa;41;6.239;161.714;;0.87758;0.63569;0.43166;0.23669;0.15965;2.28085;2016
Bahrain;Middle East and Northern Africa;42;6.218;144.024;;0.94397;0.65696;0.47375;0.25772;0.17147;2.27405;2016
Trinidad and Tobago;Latin America and Caribbean;43;6.168;132.572;;0.98569;0.52608;0.48453;0.01241;0.31935;2.51394;2016
Venezuela;Latin America and Caribbean;44;6.084;113.367;;1.03302;0.61904;0.19847;0.08304;0.0425;2.97468;2016
Slovakia;Central and Eastern Europe;45;6.078;127.973;;1.08268;0.70367;0.23391;0.02947;0.13837;2.61065;2016
El Salvador;Latin America and Caribbean;46;6.068;0.8737;;0.80975;596;0.37269;0.10613;0.08877;3.22134;2016
Malaysia;Southeastern Asia;47;6.005;125.142;;0.88025;0.62366;0.39031;0.09081;0.41474;2.35384;2016
Nicaragua;Latin America and Caribbean;48;5.992;0.69384;;0.89521;0.65213;0.46582;0.16292;0.29773;2.82428;2016
Uzbekistan;Central and Eastern Europe;49;5.987;0.73591;;1.1681;0.50163;0.60848;0.28333;0.34326;2.34638;2016
Italy;Western Europe;50;5.977;135.495;;1.04167;0.85102;0.18827;0.02556;0.16684;2.34918;2016
Ecuador;Latin America and Caribbean;51;5.976;0.97306;;0.85974;0.68613;0.4027;0.18037;0.10074;2.77366;2016
Belize;Latin America and Caribbean;52;5.956;0.87616;;0.68655;0.45569;0.51231;0.10771;0.23684;3.08039;2016
Japan;Eastern Asia;53;5.921;138.007;;1.06054;0.91491;0.46761;0.18985;0.10224;1.80584;2016
Kazakhstan;Central and Eastern Europe;54;5.919;122.943;;0.95544;0.57386;0.4052;0.11132;0.15011;2.49325;2016
Moldova;Central and Eastern Europe;55;5.897;0.69177;;0.83132;0.52309;0.25202;0.01903;0.19997;3.38007;2016
Russia;Central and Eastern Europe;56;5.856;123.228;;1.05261;0.58991;0.32682;0.03586;0.02736;2.59115;2016
Poland;Central and Eastern Europe;57;5.835;124.585;;1.04685;0.69058;0.4519;55;0.14443;2.20035;2016
South Korea;Eastern Asia;57;5.835;135.948;;0.72194;0.88645;0.25168;0.07716;0.18824;2.35015;2016
Bolivia;Latin America and Caribbean;59;5.822;0.79422;;0.83779;0.4697;0.50961;0.07746;0.21698;2.91635;2016
Lithuania;Central and Eastern Europe;60;5.813;12.692;;1.06411;0.64674;0.18929;0.0182;0.02025;2.60525;2016
Belarus;Central and Eastern Europe;61;5.802;113.062;;1.04993;0.63104;0.29091;0.17457;0.13942;2.38582;2016
North Cyprus;Western Europe;62;5.771;131.141;;0.81826;0.84142;0.43596;0.16578;0.26322;1.93447;2016
Slovenia;Central and Eastern Europe;63;5.768;129.947;;1.05613;0.79151;0.53164;0.03635;0.25738;1.79522;2016
Peru;Latin America and Caribbean;64;5.743;0.99602;;0.81255;0.62994;0.37502;0.05292;0.14527;2.73117;2016
Turkmenistan;Central and Eastern Europe;65;5.658;108.017;;1.03817;0.44006;0.37408;0.28467;0.22567;2.21489;2016
Mauritius;Sub-Saharan Africa;66;5.648;114.372;;0.75695;0.66189;0.46145;0.05203;0.36951;2.20223;2016
Libya;Middle East and Northern Africa;67;5.615;106.688;;0.95076;0.52304;0.40672;0.10339;0.17087;2.39374;2016
Latvia;Central and Eastern Europe;68;5.56;121.788;;0.95025;0.63952;0.27996;0.0889;0.17445;2.20859;2016
Cyprus;Western Europe;69;5.546;131.857;;0.70697;0.8488;0.29507;0.05228;0.27906;2.04497;2016
Paraguay;Latin America and Caribbean;70;5.538;0.89373;;1.11111;0.58295;0.46235;0.07396;0.25296;2.16091;2016
Romania;Central and Eastern Europe;71;5.528;11.697;;0.72803;0.67602;0.36712;0.00679;0.12889;2.45184;2016
Estonia;Central and Eastern Europe;72;5.517;127.964;;1.05163;0.68098;0.41511;0.18519;0.08423;1.81985;2016
Jamaica;Latin America and Caribbean;73;5.51;0.89333;;0.96372;0.59469;0.43597;0.04294;0.22245;2.35682;2016
Croatia;Central and Eastern Europe;74;5.488;118.649;;0.60809;0.70524;0.23907;0.04002;0.18434;2.52462;2016
Hong Kong;Eastern Asia;75;5.458;15.107;;0.87021;0.95277;0.48079;0.31647;0.40097;0.92614;2016
Somalia;Sub-Saharan Africa;76;5.44;0.0;;0.33613;0.11466;0.56778;0.3118;0.27225;3.83772;2016
Kosovo;Central and Eastern Europe;77;5.401;0.90145;;0.66062;0.54;0.14396;0.06547;0.27992;2.80998;2016
Turkey;Middle East and Northern Africa;78;5.389;116.492;;0.87717;0.64718;0.23889;0.12348;0.04707;2.29074;2016
Indonesia;Southeastern Asia;79;5.314;0.95104;;0.87625;0.49374;0.39237;0.00322;0.56521;2.03171;2016
Jordan;Middle East and Northern Africa;80;5.303;0.99673;;0.86216;0.60712;0.36023;0.13297;0.14262;2.20142;2016
Azerbaijan;Central and Eastern Europe;81;5.291;112.373;;0.76042;0.54504;0.35327;0.17914;0.0564;2.2735;2016
Philippines;Southeastern Asia;82;5.279;0.81217;;0.87877;0.47036;0.54854;0.11757;0.21674;2.23484;2016
China;Eastern Asia;83;5.245;10.278;;0.79381;0.73561;0.44012;0.02745;0.04959;2.17087;2016
Bhutan;Southern Asia;84;5.196;0.8527;;0.90836;0.49759;0.46074;0.1616;0.48546;1.82916;2016
Kyrgyzstan;Central and Eastern Europe;85;5.185;0.56044;;0.95434;0.55449;0.40212;0.04762;0.38432;2.28136;2016
Serbia;Central and Eastern Europe;86;5.177;103.437;;0.81329;0.6458;0.15718;0.04339;0.20737;2.27539;2016
Bosnia and Herzegovina;Central and Eastern Europe;87;5.163;0.93383;;0.64367;0.70766;0.09511;0.0;0.29889;2.48406;2016
Montenegro;Central and Eastern Europe;88;5.161;107.838;;0.74173;0.63533;0.15111;0.12721;0.17191;2.25531;2016
Dominican Republic;Latin America and Caribbean;89;5.155;102.787;;0.99496;0.57669;0.52259;0.12372;0.21286;1.69626;2016
Morocco;Middle East and Northern Africa;90;5.151;0.84058;;0.38595;0.59471;0.25646;0.08404;0.04053;2.94891;2016
Hungary;Central and Eastern Europe;91;5.145;124.142;;0.93164;0.67608;0.1977;0.04472;99;1.95473;2016
Pakistan;Southern Asia;92;5.132;0.68816;;0.26135;0.40306;0.14622;0.1388;0.31185;3.18286;2016
Lebanon;Middle East and Northern Africa;93;5.129;112.268;;0.64184;0.76171;0.26228;0.03061;0.23693;2.07339;2016
Portugal;Western Europe;94;5.123;127.607;;0.94367;0.79363;0.44727;0.01521;0.11691;1.53015;2016
Macedonia;Central and Eastern Europe;95;5.121;10.193;;0.78236;0.64738;0.27668;0.07047;0.23507;2.08947;2016
Vietnam;Southeastern Asia;96;5.061;0.74037;;0.79117;0.66157;0.55954;0.11556;0.25075;1.9418;2016
Somaliland Region;Sub-Saharan Africa;97;5.057;0.25558;;0.75862;0.33108;0.3913;0.36794;0.51479;2.43801;2016
Tunisia;Middle East and Northern Africa;98;5.045;0.97724;;0.43165;0.59577;0.23553;0.0817;0.03936;2.68413;2016
Greece;Western Europe;99;5.033;124.886;;0.75473;0.80029;0.05822;0.04127;0.0;2.12944;2016
Tajikistan;Central and Eastern Europe;100;4.996;0.48835;;0.75602;0.53119;0.43408;0.13509;0.25998;2.39106;2016
Mongolia;Eastern Asia;101;4.907;0.98853;;1.08983;0.55469;0.35972;0.03285;0.34539;1.53586;2016
Laos;Southeastern Asia;102;4.876;0.68042;;0.5497;0.38291;0.52168;0.22423;0.43079;2.08637;2016
Nigeria;Sub-Saharan Africa;103;4.875;0.75216;;0.64498;0.05108;0.27854;0.0305;0.23219;2.88586;2016
Honduras;Latin America and Caribbean;104;4.871;0.69429;;0.75596;0.58383;0.26755;0.06906;0.2044;2.29551;2016
Iran;Middle East and Northern Africa;105;4.813;111.758;;0.38857;0.64232;0.22544;0.0557;0.38538;1.99817;2016
Zambia;Sub-Saharan Africa;106;4.795;0.61202;;0.6376;0.23573;0.42662;0.11479;0.17866;2.58991;2016
Nepal;Southern Asia;107;4.793;0.44626;;0.69699;0.50073;0.37012;0.07008;0.3816;2.32694;2016
Palestinian Territories;Middle East and Northern Africa;108;4.754;0.67024;;0.71629;0.56844;0.17744;0.10613;0.11154;2.40364;2016
Albania;Central and Eastern Europe;109;4.655;0.9553;;0.50163;0.73007;0.31866;0.05301;0.1684;1.92816;2016
Bangladesh;Southern Asia;110;4.643;0.54177;;0.24749;0.52989;0.39778;0.12583;0.19132;2.60904;2016
Sierra Leone;Sub-Saharan Africa;111;4.635;0.36485;;628;0.0;0.30685;0.08196;0.23897;3.01402;2016
Iraq;Middle East and Northern Africa;112;4.575;107.474;;0.59205;0.51076;0.24856;0.13636;0.19589;1.81657;2016
Namibia;Sub-Saharan Africa;113;4.574;0.93287;;0.70362;0.34745;0.48614;0.10398;0.07795;1.92198;2016
Cameroon;Sub-Saharan Africa;114;4.513;0.52497;;0.62542;0.12698;0.42736;0.06126;0.2268;2.5198;2016
Ethiopia;Sub-Saharan Africa;115;4.508;0.29283;;0.37932;0.34578;0.36703;0.1717;0.29522;2.65614;2016
South Africa;Sub-Saharan Africa;116;4.459;102.416;;0.96053;0.18611;0.42483;0.08415;0.13656;1.64227;2016
Sri Lanka;Southern Asia;117;4.415;0.97318;;0.84783;0.62007;0.50817;0.07964;0.46978;0.91681;2016
India;Southern Asia;118;4.404;0.74036;;0.29247;0.45091;0.40285;0.08722;0.25028;2.18032;2016
Myanmar;Southeastern Asia;119;4.395;0.34112;;0.69981;0.3988;0.42692;0.20243;0.81971;1.50655;2016
Egypt;Middle East and Northern Africa;120;4.362;0.95395;;0.49813;0.52116;0.18847;0.10393;0.12706;1.96895;2016
Armenia;Central and Eastern Europe;121;4.36;0.86086;;0.62477;0.64083;0.14037;0.03616;0.07793;1.97864;2016
Kenya;Sub-Saharan Africa;122;4.356;0.52267;;0.7624;0.30147;0.40576;0.06686;0.41328;1.88326;2016
Ukraine;Central and Eastern Europe;123;4.324;0.87287;;1.01413;0.58628;0.12859;0.01829;0.20363;1.50066;2016
Ghana;Sub-Saharan Africa;124;4.276;0.63107;;0.49353;0.29681;0.40973;0.0326;0.21203;2.2002;2016
Congo (Kinshasa);Sub-Saharan Africa;125;4.272;0.05661;;0.80676;188;0.15602;0.06075;0.25458;2.74924;2016
Georgia;Central and Eastern Europe;126;4.252;0.83792;;0.19249;0.64035;0.32461;0.3188;0.06786;1.87031;2016
Congo (Brazzaville);Sub-Saharan Africa;127;4.236;0.77109;;0.47799;0.28212;0.37938;0.09753;0.12077;2.10681;2016
Senegal;Sub-Saharan Africa;128;4.219;0.44314;;0.77416;0.40457;0.31056;0.11681;0.19103;1.97861;2016
Bulgaria;Central and Eastern Europe;129;4.217;111.306;;0.92542;0.67806;0.21219;0.00615;0.12793;1.15377;2016
Mauritania;Sub-Saharan Africa;130;4.201;0.61391;;0.84142;0.28639;0.1268;0.17955;0.22686;1.9263;2016
Zimbabwe;Sub-Saharan Africa;131;4.193;0.35041;;0.71478;0.1595;0.25429;0.08582;0.18503;2.4427;2016
Malawi;Sub-Saharan Africa;132;4.156;0.08709;;147;0.29364;0.4143;0.07564;0.30968;2.82859;2016
Sudan;Sub-Saharan Africa;133;4.139;0.63069;;0.81928;0.29759;0.0;0.10039;0.18077;2.10995;2016
Gabon;Sub-Saharan Africa;134;4.121;115.851;;0.72368;0.3494;0.28098;0.09314;0.06244;1.45332;2016
Mali;Sub-Saharan Africa;135;4.073;0.31292;;0.86333;0.16347;0.27544;0.13647;0.21064;2.11087;2016
Haiti;Latin America and Caribbean;136;4.028;0.34097;;0.29561;0.27494;0.12072;0.14476;0.47958;2.37116;2016
Botswana;Sub-Saharan Africa;137;3.974;109.426;;0.89186;0.34752;0.44089;0.10769;0.12425;0.96741;2016
Comoros;Sub-Saharan Africa;138;3.956;0.27509;;0.60323;0.29981;0.15412;0.18437;0.1827;2.25632;2016
Ivory Coast;Sub-Saharan Africa;139;3.916;0.55507;;0.57576;0.04476;0.40663;0.1553;0.20338;1.97478;2016
Cambodia;Southeastern Asia;140;3.907;0.55604;;0.5375;0.42494;0.58852;0.08092;0.40339;1.31573;2016
Angola;Sub-Saharan Africa;141;3.866;0.84731;;0.66366;0.04991;0.00589;0.08434;0.12071;2.09459;2016
Niger;Sub-Saharan Africa;142;3.856;0.1327;;0.6053;0.26162;0.38041;0.17176;0.2097;2.09469;2016
South Sudan;Sub-Saharan Africa;143;3.832;0.39394;;0.18519;0.15781;0.19662;0.13015;0.25899;2.50929;2016
Chad;Sub-Saharan Africa;144;3.763;0.42214;;0.63178;0.03824;0.12807;0.04952;0.18667;2.30637;2016
Burkina Faso;Sub-Saharan Africa;145;3.739;0.31995;;0.63054;0.21297;0.3337;0.12533;0.24353;1.87319;2016
Uganda;Sub-Saharan Africa;145;3.739;0.34719;;0.90981;0.19625;0.43653;0.06442;0.27102;1.51416;2016
Yemen;Middle East and Northern Africa;147;3.724;0.57939;;0.47493;0.31048;0.2287;0.05892;0.09821;1.97295;2016
Madagascar;Sub-Saharan Africa;148;3.695;0.27954;;0.46115;0.37109;0.13684;0.07506;0.2204;2.15075;2016
Tanzania;Sub-Saharan Africa;149;3.666;0.47155;;0.77623;357;0.3176;0.05099;0.31472;1.37769;2016
Liberia;Sub-Saharan Africa;150;3.622;0.10706;;0.50353;0.23165;0.25748;0.04852;0.24063;2.23284;2016
Guinea;Sub-Saharan Africa;151;3.607;0.22415;;0.3109;0.18829;0.30953;0.1192;0.29914;2.15604;2016
Rwanda;Sub-Saharan Africa;152;3.515;0.32846;;0.61586;0.31865;0.5432;0.50521;0.23552;0.96819;2016
Benin;Sub-Saharan Africa;153;3.484;0.39499;;0.10419;0.21028;0.39747;0.06681;0.2018;2.10812;2016
Afghanistan;Southern Asia;154;3.36;0.38227;;0.11037;0.17344;0.1643;0.07112;0.31268;2.14558;2016
Togo;Sub-Saharan Africa;155;3.303;0.28123;;0.0;0.24811;0.34678;0.11587;0.17517;2.1354;2016
Syria;Middle East and Northern Africa;156;3.069;0.74719;;0.14866;0.62994;0.06912;0.17233;0.48397;0.81789;2016
Burundi;Sub-Saharan Africa;157;2.905;0.06831;;0.23442;0.15747;0.0432;0.09419;0.2029;2.10404;2016
Norway;Western Europe;1;7.53700017929077;161.646.318.435.669;;1.53352355957031;0.796666502952576;0.635422587394714;0.315963834524155;0.36201223731041;2.27702665328979;2017
Denmark;Western Europe;2;7.52199983596802;148.238.301.277.161;;1.55112159252167;0.792565524578094;0.626006722450256;0.40077006816864;0.355280488729477;2.31370735168457;2017
Iceland;Western Europe;3;7.50400018692017;1.480.633.020.401;;1.6105740070343;0.833552122116089;0.627162635326385;0.153526559472084;0.475540220737457;2.32271528244019;2017
Switzerland;Western Europe;4;7.49399995803833;156.497.955.322.266;;1.51691174507141;0.858131289482117;0.620070576667786;0.367007285356522;0.290549278259277;2.2767162322998;2017
Finland;Western Europe;5;7.4689998626709;144.357.192.516.327;;1.5402467250824;0.80915766954422;0.617950856685638;0.38261154294014;0.24548277258873;2.4301815032959;2017
Netherlands;Western Europe;6;7.3769998550415;150.394.463.539.124;;1.42893922328949;0.810696125030518;0.585384488105774;0.282661825418472;0.470489829778671;2.29480409622192;2017
Canada;North America;7;7.31599998474121;147.920.441.627.502;;1.48134899139404;0.83455765247345;0.611100912094116;0.287371516227722;0.435539722442627;2.18726444244385;2017
New Zealand;Australia and New Zealand;8;7.31400012969971;140.570.604.801.178;;1.54819512367249;0.816759705543518;0.614062130451202;0.382816702127457;0.500005125999451;2.0464563369751;2017
Sweden;Western Europe;9;7.28399991989136;149.438.726.902.008;;1.47816216945648;0.830875158309937;0.612924098968506;0.384398728609085;0.385399252176285;2.09753799438477;2017
Australia;Australia and New Zealand;10;7.28399991989136;1.484.414.935.112;;1.51004195213318;0.84388679265976;0.601607382297516;0.301183730363846;0.477699249982834;2.06521081924438;2017
Israel;Middle East and Northern Africa;11;7.21299982070923;137.538.242.340.088;;1.37628996372223;0.83840399980545;0.405988603830338;0.0852421000599861;0.330082654953003;2.80175733566284;2017
Costa Rica;Latin America and Caribbean;12;7.0789999961853;110.970.628.261.566;;1.41640365123749;0.759509265422821;0.580131649971008;0.100106589496136;0.214613229036331;2.89863920211792;2017
Austria;Western Europe;13;7.00600004196167;148.709.726.333.618;;1.4599449634552;0.815328419208527;0.567766189575195;0.221060365438461;0.316472321748734;2.1385064125061;2017
United States;North America;14;6.99300003051758;154.625.928.401.947;;1.41992056369781;0.77428662776947;0.505740523338318;0.135638788342476;0.392578780651093;2.2181134223938;2017
Ireland;Western Europe;15;6.97700023651123;153.570.663.928.986;;1.55823111534119;0.80978262424469;0.573110342025757;0.29838815331459;0.42785832285881;1.77386903762817;2017
Germany;Western Europe;16;6.95100021362305;148.792.338.371.277;;1.47252035140991;0.798950731754303;0.562511384487152;0.276731938123703;0.336269170045853;2.01576995849609;2017
Belgium;Western Europe;17;6.89099979400635;146.378.076.076.508;;1.46231269836426;0.818091869354248;0.539770722389221;0.251343131065369;0.231503337621689;2.12421035766602;2017
Luxembourg;Western Europe;18;6.86299991607666;174.194.359.779.358;;1.45758366584778;0.845089495182037;0.59662789106369;0.31883442401886;0.283180981874466;1.61951208114624;2017
United Kingdom;Western Europe;19;6.71400022506714;144.163.393.974.304;;1.49646008014679;0.805335938930511;0.508190035820007;0.265428066253662;0.492774158716202;1.70414352416992;2017
Chile;Latin America and Caribbean;20;6.65199995040894;125.278.460.979.462;;1.28402495384216;0.819479703903198;0.376895278692245;0.0822879821062088;0.326662421226501;2.50958585739136;2017
United Arab Emirates;Middle East and Northern Africa;21;6.64799976348877;162.634.336.948.395;;1.26641023159027;0.726798236370087;0.60834527015686;0.324489563703537;0.3609419465065;1.734703540802;2017
Brazil;Latin America and Caribbean;22;6.63500022888184;110.735.321.044.922;;1.43130600452423;0.616552352905273;0.437453746795654;0.111092761158943;0.16234989464283;2.76926708221436;2017
Czech Republic;Central and Eastern Europe;23;6.60900020599365;135.268.235.206.604;;1.43388521671295;0.754444003105164;0.490946173667908;0.0368729270994663;0.0881067588925362;2.45186185836792;2017
Argentina;Latin America and Caribbean;24;6.59899997711182;118.529.546.260.834;;1.44045114517212;0.695137083530426;0.494519203901291;0.059739887714386;0.109457060694695;2.61400532722473;2017
Mexico;Latin America and Caribbean;25;6.57800006866455;115.318.381.786.346;;1.210862159729;0.709978997707367;0.412730008363724;0.132774114608765;0.120990432798862;2.83715486526489;2017
Singapore;Southeastern Asia;26;6.57200002670288;169.227.766.990.662;;1.35381436347961;0.949492394924164;0.549840569496155;0.46430778503418;0.345965981483459;1.21636199951172;2017
Malta;Western Europe;27;6.52699995040894;134.327.983.856.201;;1.48841166496277;0.821944236755371;0.588767051696777;0.153066068887711;0.574730575084686;1.55686283111572;2017
Uruguay;Latin America and Caribbean;28;6.4539999961853;121.755.969.524.384;;1.41222786903381;0.719216823577881;0.57939225435257;0.178061872720718;0.175096929073334;2.17240953445435;2017
Guatemala;Latin America and Caribbean;29;6.4539999961853;0.872001945972443;;1.25558519363403;0.540239989757538;0.531310617923737;0.0772232785820961;0.283488392829895;2.89389109611511;2017
Panama;Latin America and Caribbean;30;6.4520001411438;123.374.843.597.412;;1.37319254875183;0.706156134605408;0.550026834011078;0.070983923971653;0.21055693924427;2.30719995498657;2017
France;Western Europe;31;6.44199991226196;143.092.346.191.406;;1.38777685165405;0.844465851783752;0.470222115516663;0.172502428293228;0.129762306809425;2.00595474243164;2017
Thailand;Southeastern Asia;32;6.42399978637695;112.786.877.155.304;;1.42579245567322;0.647239029407501;0.580200731754303;0.0316127352416515;0.572123110294342;2.03950834274292;2017
Taiwan Province of China;East Asia;33;6.42199993133545;143.362.653.255.463;;1.38456535339355;0.793984234333038;0.361466586589813;0.0638292357325554;0.258360475301743;2.1266074180603;2017
Spain;Western Europe;34;6.40299987792969;138.439.786.434.174;;1.53209090232849;0.888960599899292;0.408781230449677;0.0709140971302986;0.190133571624756;1.92775774002075;2017
Qatar;Middle East and Northern Africa;35;6375;187.076.568.603.516;;1.27429687976837;0.710098087787628;0.604130983352661;0.439299255609512;0.330473870038986;1.1454644203186;2017
Colombia;Latin America and Caribbean;36;6.35699987411499;107.062.232.494.354;;1.4021829366684;0.595027923583984;0.477487415075302;0.0466687418520451;0.149014472961426;2.61606812477112;2017
Saudi Arabia;Middle East and Northern Africa;37;6.3439998626709;153.062.355.518.341;;1.28667759895325;0.590148329734802;0.449750572443008;0.27343225479126;0.147616013884544;2.0654296875;2017
Trinidad and Tobago;Latin America and Caribbean;38;6.16800022125244;136.135.590.076.447;;1.3802285194397;0.519983291625977;0.518630743026733;0.0089648161083459;0.325296461582184;2.05324745178223;2017
Kuwait;Middle East and Northern Africa;39;6.10500001907349;163.295.245.170.593;;1.25969874858856;0.632105708122253;0.496337592601776;0.215159550309181;0.228289797902107;1.64042520523071;2017
Slovakia;Central and Eastern Europe;40;6.09800004959106;132.539.355.754.852;;1.50505924224854;0.712732911109924;0.295817464590073;0.0242108516395092;0.136544480919838;2.09777665138245;2017
Bahrain;Middle East and Northern Africa;41;6.08699989318848;148.841.226.100.922;;1.32311046123505;0.653133034706116;0.536746919155121;0.257042169570923;0.172668486833572;1.65614938735962;2017
Malaysia;Southeastern Asia;42;6.08400011062622;129.121.541.976.929;;1.28464603424072;0.618784427642822;0.402264982461929;0.0656007081270218;0.416608929634094;2.00444889068604;2017
Nicaragua;Latin America and Caribbean;43;6.07100009918213;0.737299203872681;;1.28721570968628;0.653095960617065;0.447551846504211;0.130687981843948;0.301674216985703;2.51393055915833;2017
Ecuador;Latin America and Caribbean;44;6.00799989700317;100.082.039.833.069;;1.28616881370544;0.685636222362518;0.4551981985569;0.140134647488594;0.150112465023994;2.29035258293152;2017
El Salvador;Latin America and Caribbean;45;6.00299978256226;0.909784495830536;;1.18212509155273;0.596018552780151;0.432452529668808;0.0899809598922729;0.0782579854130745;2.7145938873291;2017
Poland;Central and Eastern Europe;46;5.97300004959106;129.178.786.277.771;;1.44571197032928;0.699475347995758;0.520342111587524;0.0593078061938286;0.158465966582298;1.79772281646729;2017
Uzbekistan;Central and Eastern Europe;47;5.97100019454956;0.786441087722778;;1.54896914958954;0.498272627592087;0.658248662948608;0.246528223156929;0.415983647108078;1.81691360473633;2017
Italy;Western Europe;48;5.96400022506714;139.506.661.891.937;;1.44492328166962;0.853144347667694;0.256450712680817;0.0280280914157629;0.17278964817524;1.81331205368042;2017
Russia;Central and Eastern Europe;49;5.96299982070923;128.177.809.715.271;;1.46928238868713;0.547349333763123;0.373783111572266;0.0329628810286522;0.0522638224065304;2.20560741424561;2017
Belize;Latin America and Caribbean;50;5.95599985122681;0.907975316047668;;1.08141779899597;0.450191766023636;0.547509372234344;0.0965810716152191;0.240015640854836;2.63195562362671;2017
Japan;Eastern Asia;51;5.92000007629395;141.691.517.829.895;;1.43633782863617;0.913475871086121;0.505625545978546;0.163760736584663;0.12057276815176;1.36322355270386;2017
Lithuania;Central and Eastern Europe;52;5.90199995040894;131.458.234.786.987;;1.47351610660553;0.62894994020462;0.234231784939766;0.0118656428530812;0.010164656676352;2.22844052314758;2017
Algeria;Middle East and Northern Africa;53;5.87200021743774;109.186.446.666.718;;1.1462174654007;0.617584645748138;0.233335807919502;0.146096110343933;0.0694366469979286;2.56760382652283;2017
Latvia;Central and Eastern Europe;54;5.84999990463257;126.074.862.480.164;;1.40471494197845;0.638566970825195;0.325707912445068;0.0738427266478539;0.153074786067009;1.99365520477295;2017
South Korea;Eastern Asia;55;5.83799982070923;140.167.844.295.502;;1.12827444076538;0.900214076042175;0.257921665906906;0.0632826685905457;0.206674367189407;1.88037800788879;2017
Moldova;Central and Eastern Europe;56;5.83799982070923;0.728870630264282;;1.25182557106018;0.589465200901031;0.240729048848152;0.0100912861526012;0.208779126405716;2.80780839920044;2017
Romania;Central and Eastern Europe;57;5.82499980926514;121.768.391.132.355;;1.15009129047394;0.685158312320709;0.457003742456436;0.00438790069893;0.133519917726517;2.17683148384094;2017
Bolivia;Latin America and Caribbean;58;5.82299995422363;0.833756566047668;;1.22761905193329;0.473630249500275;0.558732926845551;0.0604777261614799;0.22556072473526;2.44327902793884;2017
Turkmenistan;Central and Eastern Europe;59;5.82200002670288;113.077.676.296.234;;1.49314916133881;0.437726080417633;0.41827192902565;0.259270340204239;0.24992498755455;1.83290982246399;2017
Kazakhstan;Central and Eastern Europe;60;5.81899976730347;128.455.626.964.569;;1.38436901569366;0.606041550636292;0.437454283237457;0.119282886385918;0.201964423060417;1.78489255905151;2017
North Cyprus;Western Europe;61;5.80999994277954;13.469.113.111.496;;1.18630337715149;0.834647238254547;0.471203625202179;0.155353352427483;0.266845703125;1.54915761947632;2017
Slovenia;Central and Eastern Europe;62;5.75799989700317;13.412.059.545.517;;1.45251882076263;0.790828227996826;0.572575807571411;0.0451289787888527;0.242649093270302;1.31331729888916;2017
Peru;Latin America and Caribbean;63;5.71500015258789;103.522.527.217.865;;1.21877038478851;0.630166113376617;0.450002878904343;0.0470490865409374;0.126819714903831;2.20726943016052;2017
Mauritius;Sub-Saharan Africa;64;5.62900018692017;118.939.554.691.315;;1.20956099033356;0.638007462024689;0.491247326135635;0.0421815551817417;0.360933750867844;1.6975839138031;2017
Cyprus;Western Europe;65;5.62099981307983;135.593.807.697.296;;1.13136327266693;0.84471470117569;0.355111539363861;0.0412379764020443;0.271254301071167;1.62124919891357;2017
Estonia;Central and Eastern Europe;66;5.61100006103516;132.087.934.017.181;;1.47667109966278;0.695168316364288;0.479131430387497;0.183248922228813;0.0988908112049103;1.35750865936279;2017
Belarus;Central and Eastern Europe;67;5.56899976730347;115.655.755.996.704;;1.44494521617889;0.637714266777039;0.295400261878967;0.156313821673393;0.15513750910759;1.72323298454285;2017
Libya;Middle East and Northern Africa;68;5.52500009536743;110.180.306.434.631;;1.35756433010101;0.520169019699097;0.465733230113983;0.0926102101802826;0.152073666453362;1.83501124382019;2017
Turkey;Middle East and Northern Africa;69;5.5;119.827.437.400.818;;1.33775317668915;0.637605607509613;0.300740599632263;0.0996715798974037;0.0466930419206619;1.87927794456482;2017
Paraguay;Latin America and Caribbean;70;5.49300003051758;0.932537317276001;;1.50728487968445;0.579250693321228;0.473507791757584;0.091065913438797;0.224150657653809;1.6853334903717;2017
Hong Kong S.A.R., China;East Asia;71;5.47200012207031;155.167.484.283.447;;1.26279091835022;0.943062424659729;0.490968644618988;0.293933749198914;0.374465793371201;0.554633140563965;2017
Philippines;Southeastern Asia;72;5.42999982833862;0.85769921541214;;1.25391757488251;0.468009054660797;0.585214674472809;0.0993318930268288;0.193513423204422;1.97260475158691;2017
Serbia;Central and Eastern Europe;73;5.39499998092651;106.931.757.926.941;;1.25818979740143;0.65078467130661;0.208715528249741;0.0409037806093693;0.220125883817673;1.94708442687988;2017
Jordan;Middle East and Northern Africa;74;5.33599996566772;0.991012394428253;;1.23908889293671;0.604590058326721;0.418421149253845;0.11980327218771;0.172170460224152;1.79117655754089;2017
Hungary;Central and Eastern Europe;75;5.32399988174438;12.860.119.342.804;;1.34313309192657;0.687763452529907;0.175863519310951;0.0366369374096394;0.0784016624093056;1.71645927429199;2017
Jamaica;Latin America and Caribbean;76;5.31099987030029;0.925579309463501;;1.36821806430817;0.641022384166718;0.474307239055634;0.0552677810192108;0.233818337321281;1.61232566833496;2017
Croatia;Central and Eastern Europe;77;5.29300022125244;122.255.623.340.607;;0.96798300743103;0.701288521289825;0.255772292613983;0.0431031100451946;0.248002976179123;1.85449242591858;2017
Kosovo;Central and Eastern Europe;78;5.27899980545044;0.951484382152557;;1.13785350322723;0.541452050209045;0.260287940502167;0.0574716180562973;0.319931447505951;2.01054072380066;2017
China;Eastern Asia;79;5.27299976348877;108.116.579.055.786;;1.16083741188049;0.741415500640869;0.472787708044052;0.0227942746132612;0.0288068410009146;1.76493859291077;2017
Pakistan;Southern Asia;80;5.26900005340576;0.72688353061676;;0.672690689563751;0.402047783136368;0.23521526157856;0.124348066747189;0.315446019172668;2.79248929023743;2017
Indonesia;Southeastern Asia;81;5.26200008392334;0.995538592338562;;1.27444469928741;0.492345720529556;0.443323463201523;0.0153171354904771;0.611704587936401;1.42947697639465;2017
Venezuela;Latin America and Caribbean;82;5.25;112.843.120.098.114;;1.43133759498596;0.617144227027893;0.153997123241425;0.0644911229610443;0.0650196298956871;1.78946375846863;2017
Montenegro;Central and Eastern Europe;83;5.23699998855591;112.112.903.594.971;;1.23837649822235;0.667464673519135;0.194989055395126;0.0881741940975189;0.197911024093628;1.72919154167175;2017
Morocco;Middle East and Northern Africa;84;5.2350001335144;0.878114581108093;;0.774864435195923;0.59771066904068;0.408158332109451;0.0877631828188896;0.0322099551558495;2.45618939399719;2017
Azerbaijan;Central and Eastern Europe;85;5.23400020599365;115.360.176.563.263;;1.15240025520325;0.540775775909424;0.398155838251114;0.180987507104874;0.0452693402767181;1.76248168945312;2017
Dominican Republic;Latin America and Caribbean;86;5.23000001907349;107.937.383.651.733;;1.40241670608521;0.574873745441437;0.55258983373642;0.113945253193378;0.186967849731445;1.31946516036987;2017
Greece;Western Europe;87;5.22700023651123;128.948.748.111.725;;1.23941457271576;0.810198903083801;0.0957312509417534;0.04328977689147;0.0;1.74922156333923;2017
Lebanon;Middle East and Northern Africa;88;5.22499990463257;107.498.753.070.831;;1.12962424755096;0.735081076622009;0.288515985012054;0.037513829767704;0.264450758695602;1.69507384300232;2017
Portugal;Western Europe;89;5.19500017166138;13.151.752.948.761;;1.36704301834106;0.795843541622162;0.498465299606323;0.0158694516867399;0.0951027125120163;1.10768270492554;2017
Bosnia and Herzegovina;Central and Eastern Europe;90;5.18200016021729;0.982409417629242;;1.0693359375;0.705186307430267;0.204403176903725;0.0;0.328867495059967;1.89217257499695;2017
Honduras;Latin America and Caribbean;91;5.18100023269653;0.730573117733002;;1.14394497871399;0.582569479942322;0.348079860210419;0.0733454525470734;0.236188873648643;2.06581115722656;2017
Macedonia;Central and Eastern Europe;92;5.17500019073486;106.457.793.712.616;;1.20789301395416;0.644948184490204;0.325905978679657;0.0602777935564518;0.25376096367836;1.6174693107605;2017
Somalia;Sub-Saharan Africa;93;5.15100002288818;0.0226431842893362;;0.721151351928711;0.113989137113094;0.602126955986023;0.282410323619843;0.291631311178207;3.11748456954956;2017
Vietnam;Southeastern Asia;94;5.07399988174438;0.788547575473785;;1.27749133110046;0.652168989181519;0.571055591106415;0.0876332372426987;0.234968051314354;1.46231865882874;2017
Nigeria;Sub-Saharan Africa;95;5.07399988174438;0.783756256103516;;1.21577048301697;0.0569157302379608;0.394952565431595;0.0261215660721064;0.230947196483612;2.36539053916931;2017
Tajikistan;Central and Eastern Europe;96;5.04099988937378;0.524713635444641;;1.27146327495575;0.529235124588013;0.471566706895828;0.146377146244049;0.248997643589973;1.84904932975769;2017
Bhutan;Southern Asia;97;5.01100015640259;0.885416388511658;;1.34012651443481;0.495879292488098;0.501537680625916;0.173380389809608;0.474054545164108;1.14018440246582;2017
Kyrgyzstan;Central and Eastern Europe;98;5.00400018692017;0.596220076084137;;1.39423859119415;0.553457796573639;0.454943388700485;0.0394391790032387;0.42858037352562;1.53672313690186;2017
Nepal;Southern Asia;99;4.96199989318848;0.479820191860199;;1.17928326129913;0.504130780696869;0.440305948257446;0.0729755461215973;0.394096165895462;1.8912410736084;2017
Mongolia;Eastern Asia;100;4.95499992370605;102.723.586.559.296;;1.4930112361908;0.557783484458923;0.394143968820572;0.0329022891819477;0.338464230298996;1.11129236221313;2017
South Africa;Sub-Saharan Africa;101;4.8289999961853;105.469.870.567.322;;1.38478863239288;0.187080070376396;0.479246735572815;0.0725094974040985;0.139362379908562;1.51090860366821;2017
Tunisia;Middle East and Northern Africa;102;4.80499982833862;100.726.580.619.812;;0.868351459503174;0.613212049007416;0.289680689573288;0.0867231488227844;0.0496933571994305;1.89025115966797;2017
Palestinian Territories;Middle East and Northern Africa;103;4.77500009536743;0.716249227523804;;1.15564715862274;0.565666973590851;0.25471106171608;0.0892826020717621;0.114173173904419;1.8788902759552;2017
Egypt;Middle East and Northern Africa;104;4.7350001335144;0.989701807498932;;0.997471392154694;0.520187258720398;0.282110154628754;0.114381365478039;0.128631442785263;1.70216107368469;2017
Bulgaria;Central and Eastern Europe;105;4.71400022506714;11.614.590.883.255;;1.43437945842743;0.708217680454254;0.289231717586517;0.0110515309497714;0.113177694380283;0.996139287948608;2017
Sierra Leone;Sub-Saharan Africa;106;4.70900011062622;0.36842092871666;;0.984136044979095;0.0055647538974881;0.318697690963745;0.0710951760411263;0.293040901422501;2.66845989227295;2017
Cameroon;Sub-Saharan Africa;107;4.69500017166138;0.564305365085602;;0.946018218994141;0.132892116904259;0.430388748645782;0.0513066314160824;0.236298456788063;2.3336455821991;2017
Iran;Middle East and Northern Africa;108;4.69199991226196;115.687.310.695.648;;0.711551249027252;0.639333188533783;0.249322608113289;0.048761073499918;0.387242913246155;1.49873495101929;2017
Albania;Central and Eastern Europe;109;4.64400005340576;0.996192753314972;;0.803685247898102;0.731159746646881;0.381498634815216;0.0398642159998417;0.201312944293022;1.49044156074524;2017
Bangladesh;Southern Asia;110;4.60799980163574;0.586682975292206;;0.735131740570068;0.533241033554077;0.478356659412384;0.123717859387398;0.172255352139473;1.97873616218567;2017
Namibia;Sub-Saharan Africa;111;4.57399988174438;0.964434325695038;;1.0984708070755;0.33861181139946;0.520303547382355;0.0931469723582268;0.0771337449550629;1.4818902015686;2017
Kenya;Sub-Saharan Africa;112;4.55299997329712;0.560479462146759;;1.06795072555542;0.309988349676132;0.452763766050339;0.0646413192152977;0.444860309362411;1.6519021987915;2017
Mozambique;Sub-Saharan Africa;113;4.55000019073486;0.234305649995804;;0.870701014995575;0.106654435396194;0.480791091918945;0.179436385631561;0.322228103876114;2.35565090179443;2017
Myanmar;Southeastern Asia;114;4.54500007629395;0.367110550403595;;1.12323594093323;0.397522568702698;0.514492034912109;0.188816204667091;0.838075160980225;1.11529040336609;2017
Senegal;Sub-Saharan Africa;115;4.53499984741211;0.479309022426605;;1.17969191074371;0.409362852573395;0.377922266721725;0.115460447967052;0.183468893170357;1.78964614868164;2017
Zambia;Sub-Saharan Africa;116;4.51399993896484;0.636406779289246;;1.00318729877472;0.257835894823074;0.461603492498398;0.0782135501503944;0.249580144882202;1.82670545578003;2017
Iraq;Middle East and Northern Africa;117;4.49700021743774;110.271.048.545.837;;0.978613197803497;0.501180469989777;0.288555532693863;0.107215754687786;0.19963726401329;1.31890726089478;2017
Gabon;Sub-Saharan Africa;118;4.46500015258789;11.982.102.394.104;;1.1556202173233;0.356578588485718;0.312328577041626;0.0760467872023582;0.0437853783369064;1.32291626930237;2017
Ethiopia;Sub-Saharan Africa;119;4.46000003814697;0.339233845472336;;0.86466920375824;0.353409707546234;0.408842742443085;0.165455713868141;0.312650740146637;2.01574373245239;2017
Sri Lanka;Southern Asia;120;4.44000005722046;100.985.014.438.629;;1.25997638702393;0.625130832195282;0.561213254928589;0.0736539661884308;0.490863561630249;0.419389247894287;2017
Armenia;Central and Eastern Europe;121;4.37599992752075;0.900596737861633;;1.00748372077942;0.637524425983429;0.198303267359734;0.0266744215041399;0.0834880918264389;1.5214991569519;2017
India;Southern Asia;122;4.31500005722046;0.792221248149872;;0.754372596740723;0.455427616834641;0.469987004995346;0.0922268852591515;0.231538489460945;1.5191171169281;2017
Mauritania;Sub-Saharan Africa;123;4.29199981689453;0.648457288742065;;1.2720308303833;0.285349279642105;0.0960980430245399;0.136957004666328;0.201870024204254;1.65163731575012;2017
Congo (Brazzaville);Sub-Saharan Africa;124;4.29099988937378;0.808964252471924;;0.832044363021851;0.28995743393898;0.435025870800018;0.0796181336045265;0.120852127671242;1.72413563728333;2017
Georgia;Central and Eastern Europe;125;4.28599977493286;0.950612664222717;;0.57061493396759;0.649546980857849;0.309410035610199;0.251666635274887;0.0540088154375553;1.50013780593872;2017
Congo (Kinshasa);Sub-Saharan Africa;126;4.28000020980835;0.0921023488044739;;1.22902345657349;0.191407024860382;0.235961347818375;0.0602413564920425;0.246455833315849;2.22495865821838;2017
Mali;Sub-Saharan Africa;127;4.19000005722046;0.476180493831635;;1.28147339820862;0.169365674257278;0.306613743305206;0.104970246553421;0.183354198932648;1.66819095611572;2017
Ivory Coast;Sub-Saharan Africa;128;4.17999982833862;0.603048920631409;;0.904780030250549;0.0486421696841717;0.447706192731857;0.130061775445938;0.201237469911575;1.84496426582336;2017
Cambodia;Southeastern Asia;129;4.16800022125244;0.601765096187592;;1.00623834133148;0.429783403873444;0.633375823497772;0.0681059509515762;0.385922968387604;1.04294109344482;2017
Sudan;Sub-Saharan Africa;130;4.13899993896484;0.65951669216156;;1.21400856971741;0.290920823812485;0.0149958552792668;0.089847519993782;0.182317450642586;1.68706583976746;2017
Ghana;Sub-Saharan Africa;131;4.11999988555908;0.667224824428558;;0.873664736747742;0.295637726783752;0.423026293516159;0.0253363698720932;0.256923943758011;1.57786750793457;2017
Ukraine;Central and Eastern Europe;132;4.09600019454956;0.89465194940567;;1.39453756809235;0.575903952121735;0.122974775731564;0.0230294708162546;0.270061463117599;0.814382314682007;2017
Uganda;Sub-Saharan Africa;133;4.08099985122681;0.381430715322495;;1.12982773780823;0.217632606625557;0.443185955286026;0.057069718837738;0.325766056776047;1.526362657547;2017
Burkina Faso;Sub-Saharan Africa;134;4.03200006484985;0.3502277135849;;1.04328000545502;0.215844258666039;0.324367851018906;0.120328105986118;0.250864684581757;1.72721290588379;2017
Niger;Sub-Saharan Africa;135;4.02799987792969;0.161925330758095;;0.993025004863739;0.26850500702858;0.36365869641304;0.138572946190834;0.228673845529556;1.87398338317871;2017
Malawi;Sub-Saharan Africa;136;3.97000002861023;0.233442038297653;;0.512568831443787;0.315089583396912;0.466914653778076;0.0727116540074348;0.287170469760895;2.08178615570068;2017
Chad;Sub-Saharan Africa;137;3.93600010871887;0.438012987375259;;0.953855872154236;0.0411347150802612;0.16234202682972;0.0535818822681904;0.216113850474358;2.07123804092407;2017
Zimbabwe;Sub-Saharan Africa;138;3875;0.375846534967422;;1.08309590816498;0.196763753890991;0.336384207010269;0.0953753814101219;0.189143493771553;1.59797024726868;2017
Lesotho;Sub-Saharan Africa;139;3.80800008773804;0.521021246910095;;1.19009518623352;0.0;0.390661299228668;0.119094640016556;0.157497271895409;1.42983531951904;2017
Angola;Sub-Saharan Africa;140;3.79500007629395;0.858428180217743;;1.10441195964813;0.0498686656355858;0.0;0.0697203353047371;0.097926490008831;1.61448240280151;2017
Afghanistan;Southern Asia;141;3.79399991035461;0.401477217674255;;0.581543326377869;0.180746778845787;0.106179520487785;0.0611578300595284;0.311870932579041;2.15080118179321;2017
Botswana;Sub-Saharan Africa;142;3.76600003242493;112.209.415.435.791;;1.22155499458313;0.341755509376526;0.505196332931519;0.0985831990838051;0.0993484482169151;0.3779137134552;2017
Benin;Sub-Saharan Africa;143;3.65700006484985;0.431085407733917;;0.435299843549728;0.209930211305618;0.425962775945663;0.0609290152788162;0.207948461174965;1.88563096523285;2017
Madagascar;Sub-Saharan Africa;144;3.64400005340576;0.305808693170547;;0.913020372390747;0.375223308801651;0.189196765422821;0.0672319754958153;0.208732530474663;1.58461260795593;2017
Haiti;Latin America and Caribbean;145;3.6029999256134;0.368610262870789;;0.640449821949005;0.277321130037308;0.0303698573261499;0.0998721495270729;0.489203780889511;1.69716763496399;2017
Yemen;Middle East and Northern Africa;146;3.59299993515015;0.591683447360992;;0.93538224697113;0.310080915689468;0.249463722109795;0.0567674227058887;0.104125209152699;1.34560060501099;2017
South Sudan;Sub-Saharan Africa;147;3.59100008010864;0.39724862575531;;0.601323127746582;0.163486003875732;0.147062435746193;0.116793513298035;0.285670816898346;1.87956738471985;2017
Liberia;Sub-Saharan Africa;148;3.53299999237061;0.119041793048382;;0.872117936611176;0.229918196797371;0.332881182432175;0.0389482490718365;0.26654988527298;1.67328596115112;2017
Guinea;Sub-Saharan Africa;149;3.50699996948242;0.244549930095673;;0.791244685649872;0.194129139184952;0.348587512969971;0.110937617719173;0.264815092086792;1.55231189727783;2017
Togo;Sub-Saharan Africa;150;3.49499988555908;0.305444717407227;;0.431882530450821;0.247105568647385;0.38042613863945;0.0956650152802467;0.196896150708199;1.83722925186157;2017
Rwanda;Sub-Saharan Africa;151;3.47099995613098;0.368745893239975;;0.945707023143768;0.326424807310104;0.581843852996826;0.455220013856888;0.252756029367447;0.540061235427856;2017
Syria;Middle East and Northern Africa;152;3.46199989318848;0.777153134346008;;0.396102607250214;0.50053334236145;0.0815394446253777;0.151347130537033;0.493663728237152;1.06157350540161;2017
Tanzania;Sub-Saharan Africa;153;3.34899997711182;0.511135876178741;;1.04198980331421;0.364509284496307;0.390017777681351;0.0660351067781448;0.354256361722946;0.621130466461182;2017
Burundi;Sub-Saharan Africa;154;2.90499997138977;0.091622568666935;;0.629793584346771;0.151610791683197;0.0599007532000542;0.0841479450464249;0.204435184597969;1.68302416801453;2017
Central African Republic;Sub-Saharan Africa;155;2.69300007820129;0.0;;0.0;0.0187726859003305;0.270842045545578;0.0565650761127472;0.280876487493515;2.06600475311279;2017
Finland;Western Europe;1;7.632;1305,00;1.592;;874;681;393;202;;2018
Norway;Western Europe;2;7.594;1456,00;1.582;;861;686;0.34;286;;2018
Denmark;Western Europe;3;7.555;1351,00;1.59;;868;683;408;284;;2018
Iceland;Western Europe;4;7.495;1343,00;1.644;;914;677;138;353;;2018
Switzerland;Western Europe;5;7.487;1.42;1.549;;927;0.66;357;256;;2018
Netherlands;Western Europe;6;7.441;1361,00;1.488;;878;638;295;333;;2018
Canada;North America;7;7.328;1.33;1.532;;896;653;291;321;;2018
New Zealand;Australia and New Zealand;8;7.324;1268,00;1.601;;876;669;389;365;;2018
Sweden;Western Europe;9;7.314;1355,00;1.501;;913;659;383;285;;2018
Australia;Australia and New Zealand;10;7.272;1.34;1.573;;0.91;647;302;361;;2018
United Kingdom;Western Europe;11;7.19;1244,00;1.433;;888;464;82;262;;2018
Austria;Western Europe;12;7.139;1341,00;1.504;;891;617;224;242;;2018
Costa Rica;Latin America and Caribbean;13;7.072;1.01;1.459;;817;632;101;143;;2018
Ireland;Western Europe;14;6.977;1448,00;1.583;;876;614;306;307;;2018
Germany;Western Europe;15;6.965;1.34;1.474;;861;586;0.28;273;;2018
Belgium;Western Europe;16;6.927;1324,00;1.483;;894;583;0.24;188;;2018
Luxembourg;Western Europe;17;6.91;1576,00;1.52;;896;632;321;196;;2018
United States;North America;18;6.886;1398,00;1.471;;819;547;133;291;;2018
Israel;Middle East and Northern Africa;19;6.814;1301,00;1.559;;883;533;272;354;;2018
United Arab Emirates;Middle East and Northern Africa;20;6.774;2096,00;776;;0.67;284;;186;;2018
Czech Republic;Central and Eastern Europe;21;6.711;1233,00;1.489;;854;543;34;64;;2018
Malta;Western Europe;22;6.627;1.27;1.525;;884;645;142;376;;2018
France;Western Europe;23;6.489;1293,00;1.466;;908;0.52;176;98;;2018
Mexico;Latin America and Caribbean;24;6.488;1038,00;1.252;;761;479;95;69;;2018
Chile;Latin America and Caribbean;25;6.476;1131,00;1.331;;808;431;61;197;;2018
Taiwan;Eastern Asia;26;6.441;1365,00;1.436;;857;418;78;151;;2018
Panama;Latin America and Caribbean;27;6.43;1112,00;1.438;;759;597;63;125;;2018
Brazil;Latin America and Caribbean;28;6.419;986,00;1.474;;675;493;88;0.11;;2018
Argentina;Latin America and Caribbean;29;6.388;1073,00;1.468;;744;0.57;54;62;;2018
Guatemala;Latin America and Caribbean;30;6.382;781,00;1.268;;608;604;71;179;;2018
Uruguay;Latin America and Caribbean;31;6.379;1093,00;1.459;;771;625;155;0.13;;2018
Qatar;Middle East and Northern Africa;32;6.374;1649,00;1.303;;748;654;171;256;;2018
Saudi Arabia;Middle East and Northern Africa;33;6.371;1379,00;1.331;;633;509;127;98;;2018
Singapore;Southeastern Asia;34;6.343;1529,00;1.451;;1.008;631;457;261;;2018
Malaysia;Southeastern Asia;35;6.322;1161,00;1.258;;669;356;59;311;;2018
Spain;Western Europe;36;6.31;1251,00;1.538;;965;449;74;142;;2018
Colombia;Latin America and Caribbean;37;6.26;0.96;1.439;;635;531;39;99;;2018
Trinidad & Tobago;Latin America and Caribbean;38;6.192;1223,00;1.492;;564;575;19;171;;2018
Slovakia;Central and Eastern Europe;39;6.173;1.21;1.537;;776;354;14;118;;2018
El Salvador;Latin America and Caribbean;40;6.167;806,00;1.231;;639;461;82;65;;2018
Nicaragua;Latin America and Caribbean;41;6.141;668,00;1.319;;0.7;527;128;208;;2018
Poland;Central and Eastern Europe;42;6.123;1176,00;1.448;;781;546;64;108;;2018
Bahrain;Middle East and Northern Africa;43;6.105;1338,00;1.366;;698;594;123;243;;2018
Uzbekistan;Central and Eastern Europe;44;6.096;719,00;1.584;;605;724;259;328;;2018
Kuwait;Middle East and Northern Africa;45;6.083;1474,00;1.301;;675;554;106;167;;2018
Thailand;Southeastern Asia;46;6.072;1016,00;1.417;;707;637;29;364;;2018
Italy;Western Europe;47;6.0;1264,00;1.501;;946;281;28;137;;2018
Ecuador;Latin America and Caribbean;48;5.973;889,00;1.33;;736;556;0.12;114;;2018
Belize;Latin America and Caribbean;49;5.956;807,00;1.101;;474;593;89;183;;2018
Lithuania;Central and Eastern Europe;50;5.952;1197,00;1.527;;716;0.35;6;26;;2018
Slovenia;Central and Eastern Europe;51;5.948;1219,00;1.506;;856;633;51;0.16;;2018
Romania;Central and Eastern Europe;52;5.945;1116,00;1.219;;726;528;1;88;;2018
Latvia;Central and Eastern Europe;53;5.933;1148,00;1.454;;671;363;66;92;;2018
Japan;Eastern Asia;54;5.915;1294,00;1.462;;988;553;0.15;79;;2018
Mauritius;Sub-Saharan Africa;55;5.891;1.09;1.387;;684;584;0.05;245;;2018
Jamaica;Latin America and Caribbean;56;5.89;819,00;1.493;;693;575;31;96;;2018
South Korea;Eastern Asia;57;5.875;1266,00;1.204;;955;244;51;175;;2018
Northern Cyprus;Northern Cyprus;58;5.835;1229,00;1.211;;909;495;154;179;;2018
Russia;Central and Eastern Europe;59;5.81;1151,00;1.479;;599;399;25;65;;2018
Kazakhstan;Central and Eastern Europe;60;5.79;1143,00;1.516;;631;454;121;148;;2018
Cyprus;Western Europe;61;5.762;1229,00;1.191;;909;423;35;202;;2018
Bolivia;Latin America and Caribbean;62;5.752;751,00;1.223;;508;606;54;141;;2018
Estonia;Central and Eastern Europe;63;5.739;1.2;1.532;;737;553;174;86;;2018
Paraguay;Latin America and Caribbean;64;5.681;835,00;1.522;;615;541;74;162;;2018
Peru;Latin America and Caribbean;65;5.663;934,00;1.249;;674;0.53;34;92;;2018
Kosovo;Central and Eastern Europe;66;5.662;855,00;1.23;;578;448;23;274;;2018
Moldova;Central and Eastern Europe;67;5.64;657,00;1.301;;0.62;232;0.0;171;;2018
Turkmenistan;Central and Eastern Europe;68;5.636;1016,00;1.533;;517;417;37;199;;2018
Hungary;Central and Eastern Europe;69;5.62;1171,00;1.401;;732;259;22;61;;2018
Libya;Middle East and Northern Africa;70;5.566;985,00;1.35;;553;496;148;116;;2018
Philippines;Southeastern Asia;71;5.524;775,00;1.312;;513;643;105;0.12;;2018
Honduras;Latin America and Caribbean;72;5.504;0.62;1.205;;622;459;74;197;;2018
Belarus;Central and Eastern Europe;73;5.483;1039,00;1.498;;0.7;307;154;101;;2018
Turkey;Middle East and Northern Africa;74;5.483;1148,00;1.38;;686;324;109;106;;2018
Pakistan;Southern Asia;75;5.472;652,00;0.81;;424;334;113;216;;2018
Hong Kong;Eastern Asia;76;5.43;1405,00;1.29;;1.03;524;291;246;;2018
Portugal;Western Europe;77;5.41;1188,00;1.429;;884;562;17;55;;2018
Serbia;Central and Eastern Europe;78;5.398;975,00;1.369;;685;288;43;134;;2018
Greece;Western Europe;79;5.358;1154,00;1.202;;879;131;44;0.0;;2018
Lebanon;Middle East and Northern Africa;80;5.358;965,00;1.179;;785;503;136;214;;2018
Montenegro;Central and Eastern Europe;81;5.347;1017,00;1.279;;729;259;81;111;;2018
Croatia;Central and Eastern Europe;82;5.321;1115,00;1.161;;737;0.38;39;0.12;;2018
Dominican Republic;Latin America and Caribbean;83;5.302;982,00;1.441;;614;578;106;0.12;;2018
Algeria;Middle East and Northern Africa;84;5.295;979,00;1.154;;687;77;135;55;;2018
Morocco;Middle East and Northern Africa;85;5.254;779,00;797;;669;0.46;74;26;;2018
China;Eastern Asia;86;5.246;989,00;1.142;;799;597;103;29;;2018
Azerbaijan;Central and Eastern Europe;87;5.201;1024,00;1.161;;603;0.43;176;31;;2018
Tajikistan;Central and Eastern Europe;88;5.199;474,00;1.166;;598;292;34;187;;2018
Macedonia;Central and Eastern Europe;89;5.185;959,00;1.239;;691;394;52;173;;2018
Jordan;Middle East and Northern Africa;90;5.161;822,00;1.265;;645;468;134;0.13;;2018
Nigeria;Sub-Saharan Africa;91;5.155;689,00;1.172;;48;462;32;201;;2018
Kyrgyzstan;Central and Eastern Europe;92;5.131;0.53;1.416;;594;0.54;35;281;;2018
Bosnia and Herzegovina;Central and Eastern Europe;93;5.129;915,00;1.078;;758;0.28;0.0;216;;2018
Mongolia;Eastern Asia;94;5.125;914,00;1.517;;575;395;32;253;;2018
Vietnam;Southeastern Asia;95;5.103;715,00;1.365;;702;618;79;177;;2018
Indonesia;Southeastern Asia;96;5.093;899,00;1.215;;522;538;18;484;;2018
Bhutan;Southern Asia;97;5.082;796,00;1.335;;527;541;171;364;;2018
Somalia;Sub-Saharan Africa;98;4.982;0.0;712;;115;674;282;238;;2018
Cameroon;Sub-Saharan Africa;99;4.975;535,00;891;;182;454;43;183;;2018
Bulgaria;Central and Eastern Europe;100;4.933;1054,00;1.515;;712;359;9;64;;2018
Nepal;Southern Asia;101;4.88;425,00;1.228;;539;526;78;302;;2018
Venezuela;Latin America and Caribbean;102;4.806;996,00;1.469;;657;133;52;56;;2018
Gabon;Sub-Saharan Africa;103;4.758;1036,00;1.164;;404;356;52;32;;2018
Palestinian Territories;Middle East and Northern Africa;104;4.743;642,00;1.217;;602;266;76;86;;2018
South Africa;Sub-Saharan Africa;105;4.724;0.94;1.41;;0.33;516;56;103;;2018
Iran;Middle East and Northern Africa;106;4.707;1059,00;771;;691;459;129;282;;2018
Ivory Coast;Sub-Saharan Africa;107;4.671;541,00;872;;0.08;467;103;146;;2018
Ghana;Sub-Saharan Africa;108;4.657;592,00;896;;337;499;29;212;;2018
Senegal;Sub-Saharan Africa;109;4.631;429,00;1.117;;433;406;82;138;;2018
Laos;Southeastern Asia;110;4.623;0.72;1.034;;441;626;174;0.23;;2018
Tunisia;Middle East and Northern Africa;111;4.592;0.9;906;;0.69;271;63;0.04;;2018
Albania;Central and Eastern Europe;112;4.586;916,00;817;;0.79;419;32;149;;2018
Sierra Leone;Sub-Saharan Africa;113;4.571;256,00;813;;0.0;355;53;238;;2018
Congo (Brazzaville);Sub-Saharan Africa;114;4.559;682,00;811;;343;514;77;91;;2018
Bangladesh;Southern Asia;115;4.5;532,00;0.85;;579;0.58;144;153;;2018
Sri Lanka;Southern Asia;116;4.471;918,00;1.314;;672;585;0.05;307;;2018
Iraq;Middle East and Northern Africa;117;4.456;1.01;971;;536;304;95;148;;2018
Mali;Sub-Saharan Africa;118;4.447;0.37;1.233;;152;367;56;139;;2018
Namibia;Sub-Saharan Africa;119;4.441;874,00;1.281;;365;519;64;51;;2018
Cambodia;Southeastern Asia;120;4.433;549,00;1.088;;457;696;65;256;;2018
Burkina Faso;Sub-Saharan Africa;121;4.424;314,00;1.097;;254;312;128;175;;2018
Egypt;Middle East and Northern Africa;122;4.419;885,00;1.025;;553;312;107;92;;2018
Mozambique;Sub-Saharan Africa;123;4.417;198,00;902;;173;531;158;206;;2018
Kenya;Sub-Saharan Africa;124;4.41;493,00;1.048;;454;504;55;352;;2018
Zambia;Sub-Saharan Africa;125;4.377;562,00;1.047;;295;503;82;221;;2018
Mauritania;Sub-Saharan Africa;126;4.356;557,00;1.245;;292;129;93;134;;2018
Ethiopia;Sub-Saharan Africa;127;4.35;308,00;0.95;;391;452;146;0.22;;2018
Georgia;Central and Eastern Europe;128;4.34;853,00;592;;643;375;215;38;;2018
Armenia;Central and Eastern Europe;129;4.321;816,00;0.99;;666;0.26;28;77;;2018
Myanmar;Southeastern Asia;130;4.308;682,00;1.174;;429;0.58;178;598;;2018
Chad;Sub-Saharan Africa;131;4.301;358,00;907;;53;189;0.06;181;;2018
Congo (Kinshasa);Sub-Saharan Africa;132;4.245;69,00;1.136;;204;312;52;197;;2018
India;Southern Asia;133;4.19;721,00;747;;485;539;93;172;;2018
Niger;Sub-Saharan Africa;134;4.166;131,00;867;;221;0.39;99;175;;2018
Uganda;Sub-Saharan Africa;135;4.161;322,00;1.09;;237;0.45;61;259;;2018
Benin;Sub-Saharan Africa;136;4.141;378,00;372;;0.24;0.44;67;163;;2018
Sudan;Sub-Saharan Africa;137;4.139;605,00;1.24;;312;16;82;134;;2018
Ukraine;Central and Eastern Europe;138;4.103;793,00;1.413;;609;163;11;187;;2018
Togo;Sub-Saharan Africa;139;3.999;259,00;474;;253;434;101;158;;2018
Guinea;Sub-Saharan Africa;140;3.964;344,00;792;;211;394;94;185;;2018
Lesotho;Sub-Saharan Africa;141;3.808;472,00;1.215;;79;423;112;116;;2018
Angola;Sub-Saharan Africa;142;3.795;0.73;1.125;;269;0.0;61;79;;2018
Madagascar;Sub-Saharan Africa;143;3.774;262,00;908;;402;221;49;155;;2018
Zimbabwe;Sub-Saharan Africa;144;3.692;357,00;1.094;;248;406;99;132;;2018
Afghanistan;Southern Asia;145;3.632;332,00;537;;255;85;36;191;;2018
Botswana;Sub-Saharan Africa;146;3.59;1017,00;1.174;;417;557;92;42;;2018
Malawi;Sub-Saharan Africa;147;3.587;186,00;541;;306;531;0.08;0.21;;2018
Haiti;Latin America and Caribbean;148;3.582;315,00;714;;289;25;104;392;;2018
Liberia;Sub-Saharan Africa;149;3.495;76,00;858;;267;419;0.03;206;;2018
Syria;Middle East and Northern Africa;150;3.462;689,00;382;;539;88;144;376;;2018
Rwanda;Sub-Saharan Africa;151;3.408;332,00;896;;0.4;636;444;0.2;;2018
Yemen;Middle East and Northern Africa;152;3.355;442,00;1.073;;343;244;64;83;;2018
Tanzania;Sub-Saharan Africa;153;3.303;455,00;991;;381;481;97;0.27;;2018
South Sudan;Sub-Saharan Africa;154;3.254;337,00;608;;177;112;106;224;;2018
Central African Republic;Sub-Saharan Africa;155;3.083;24,00;0.0;;0.01;305;38;218;;2018
Burundi;Sub-Saharan Africa;156;2.905;91,00;627;;145;65;76;149;;2018
Finland;Western Europe;1;7.769;1.34;1.587;;986;596;393;153;;2019
Denmark;Western Europe;2;7.6;1383,00;1.573;;996;592;0.41;252;;2019
Norway;Western Europe;3;7.554;1488,00;1.582;;1.028;603;341;271;;2019
Iceland;Western Europe;4;7.494;1.38;1.624;;1.026;591;118;354;;2019
Netherlands;Western Europe;5;7.488;1396,00;1.522;;999;557;298;322;;2019
Switzerland;Western Europe;6;7.48;1452,00;1.526;;1.052;572;343;263;;2019
Sweden;Western Europe;7;7.343;1387,00;1.487;;1.009;574;373;267;;2019
New Zealand;Australia and New Zealand;8;7.307;1303,00;1.557;;1.026;585;0.38;0.33;;2019
Canada;North America;9;7.278;1365,00;1.505;;1.039;584;308;285;;2019
Austria;Western Europe;10;7.246;1376,00;1.475;;1.016;532;226;244;;2019
Australia;Australia and New Zealand;11;7.228;1372,00;1.548;;1.036;557;0.29;332;;2019
Costa Rica;Latin America and Caribbean;12;7.167;1034,00;1.441;;963;558;93;144;;2019
Israel;Middle East and Northern Africa;13;7.139;1276,00;1.455;;1.029;371;82;261;;2019
Luxembourg;Western Europe;14;7.09;1609,00;1.479;;1.012;526;316;194;;2019
United Kingdom;Western Europe;15;7.054;1333,00;1.538;;996;0.45;278;348;;2019
Ireland;Western Europe;16;7.021;1499,00;1.553;;999;516;0.31;298;;2019
Germany;Western Europe;17;6.985;1373,00;1.454;;987;495;265;261;;2019
Belgium;Western Europe;18;6.923;1356,00;1.504;;986;473;0.21;0.16;;2019
United States;North America;19;6.892;1433,00;1.457;;874;454;128;0.28;;2019
Czech Republic;Central and Eastern Europe;20;6.852;1269,00;1.487;;0.92;457;36;46;;2019
United Arab Emirates;Middle East and Northern Africa;21;6.825;1503,00;1.31;;825;598;182;262;;2019
Malta;Western Europe;22;6.726;1.3;1.52;;999;564;151;375;;2019
Mexico;Latin America and Caribbean;23;6.595;1.07;1.323;;861;433;73;74;;2019
France;Western Europe;24;6.592;1324,00;1.472;;1.045;436;183;111;;2019
Taiwan;Eastern Asia;25;6.446;1368,00;1.43;;914;351;97;242;;2019
Chile;Latin America and Caribbean;26;6.444;1159,00;1.369;;0.92;357;56;187;;2019
Guatemala;Latin America and Caribbean;27;6.436;0.8;1.269;;746;535;78;175;;2019
Saudi Arabia;Middle East and Northern Africa;28;6.375;1403,00;1.357;;795;439;132;0.08;;2019
Qatar;Middle East and Northern Africa;29;6.374;1684,00;1.313;;871;555;167;0.22;;2019
Spain;Western Europe;30;6.354;1286,00;1.484;;1.062;362;79;153;;2019
Panama;Latin America and Caribbean;31;6.321;1149,00;1.442;;0.91;516;54;109;;2019
Brazil;Latin America and Caribbean;32;6.3;1004,00;1.439;;802;0.39;86;99;;2019
Uruguay;Latin America and Caribbean;33;6.293;1124,00;1.465;;891;523;0.15;127;;2019
Singapore;Southeastern Asia;34;6.262;1572,00;1.463;;1.141;556;453;271;;2019
El Salvador;Latin America and Caribbean;35;6.253;794,00;1.242;;789;0.43;74;93;;2019
Italy;Western Europe;36;6.223;1294,00;1.488;;1.039;231;0.03;158;;2019
Bahrain;Middle East and Northern Africa;37;6.199;1362,00;1.368;;871;536;0.11;255;;2019
Slovakia;Central and Eastern Europe;38;6.198;1246,00;1.504;;881;334;14;121;;2019
Trinidad & Tobago;Latin America and Caribbean;39;6.192;1231,00;1.477;;713;489;16;185;;2019
Poland;Central and Eastern Europe;40;6.182;1206,00;1.438;;884;483;0.05;117;;2019
Uzbekistan;Central and Eastern Europe;41;6.174;745,00;1.529;;756;631;0.24;322;;2019
Lithuania;Central and Eastern Europe;42;6.149;1238,00;1.515;;818;291;42;43;;2019
Colombia;Latin America and Caribbean;43;6.125;985,00;1.41;;841;0.47;34;99;;2019
Slovenia;Central and Eastern Europe;44;6.118;1258,00;1.523;;953;564;57;144;;2019
Nicaragua;Latin America and Caribbean;45;6.105;694,00;1.325;;835;435;127;0.2;;2019
Kosovo;Central and Eastern Europe;46;6.1;882,00;1.232;;758;489;6;262;;2019
Argentina;Latin America and Caribbean;47;6.086;1092,00;1.432;;881;471;0.05;66;;2019
Romania;Central and Eastern Europe;48;6.07;1162,00;1.232;;825;462;5;83;;2019
Cyprus;Western Europe;49;6.046;1263,00;1.223;;1.042;406;41;0.19;;2019
Ecuador;Latin America and Caribbean;50;6.028;912,00;1.312;;868;498;87;126;;2019
Kuwait;Middle East and Northern Africa;51;6.021;1.5;1.319;;808;493;97;142;;2019
Thailand;Southeastern Asia;52;6.008;1.05;1.409;;828;557;28;359;;2019
Latvia;Central and Eastern Europe;53;5.94;1187,00;1.465;;812;264;64;75;;2019
South Korea;Eastern Asia;54;5.895;1301,00;1.219;;1.036;159;56;175;;2019
Estonia;Central and Eastern Europe;55;5.893;1237,00;1.528;;874;495;161;103;;2019
Jamaica;Latin America and Caribbean;56;5.89;831,00;1.478;;831;0.49;28;107;;2019
Mauritius;Sub-Saharan Africa;57;5.888;1.12;1.402;;798;498;0.06;215;;2019
Japan;Eastern Asia;58;5.886;1327,00;1.419;;1.088;445;0.14;69;;2019
Honduras;Latin America and Caribbean;59;5.86;642,00;1.236;;828;507;78;246;;2019
Kazakhstan;Central and Eastern Europe;60;5.809;1173,00;1.508;;729;0.41;96;146;;2019
Bolivia;Latin America and Caribbean;61;5.779;776,00;1.209;;706;511;64;137;;2019
Hungary;Central and Eastern Europe;62;5.758;1201,00;1.41;;828;199;0.02;81;;2019
Paraguay;Latin America and Caribbean;63;5.743;855,00;1.475;;777;514;0.08;184;;2019
Northern Cyprus;Northern Cyprus;64;5.718;1263,00;1.252;;1.042;417;162;191;;2019
Peru;Latin America and Caribbean;65;5.697;0.96;1.274;;854;455;27;83;;2019
Portugal;Western Europe;66;5.693;1221,00;1.431;;999;508;25;47;;2019
Pakistan;Southern Asia;67;5.653;677,00;886;;535;313;98;0.22;;2019
Russia;Central and Eastern Europe;68;5.648;1183,00;1.452;;726;334;31;82;;2019
Philippines;Southeastern Asia;69;5.631;807,00;1.293;;657;558;107;117;;2019
Serbia;Central and Eastern Europe;70;5.603;1004,00;1.383;;854;282;39;137;;2019
Moldova;Central and Eastern Europe;71;5.529;685,00;1.328;;739;245;0.0;181;;2019
Libya;Middle East and Northern Africa;72;5.525;1044,00;1.303;;673;416;152;133;;2019
Montenegro;Central and Eastern Europe;73;5.523;1051,00;1.361;;871;197;0.08;142;;2019
Tajikistan;Central and Eastern Europe;74;5.467;493,00;1.098;;718;389;144;0.23;;2019
Croatia;Central and Eastern Europe;75;5.432;1155,00;1.266;;914;296;22;119;;2019
Hong Kong;Eastern Asia;76;5.43;1438,00;1.277;;1.122;0.44;287;258;;2019
Dominican Republic;Latin America and Caribbean;77;5.425;1015,00;1.401;;779;497;101;113;;2019
Bosnia and Herzegovina;Central and Eastern Europe;78;5.386;945,00;1.212;;845;212;6;263;;2019
Turkey;Middle East and Northern Africa;79;5.373;1183,00;1.36;;808;195;106;83;;2019
Malaysia;Southeastern Asia;80;5.339;1221,00;1.171;;828;508;24;0.26;;2019
Belarus;Central and Eastern Europe;81;5.323;1067,00;1.465;;789;235;142;94;;2019
Greece;Western Europe;82;5.287;1181,00;1.156;;999;67;34;0.0;;2019
Mongolia;Eastern Asia;83;5.285;948,00;1.531;;667;317;38;235;;2019
North Macedonia;Southeastern Europe;84;5.274;983,00;1.294;;838;345;34;185;;2019
Nigeria;Sub-Saharan Africa;85;5.265;696,00;1.111;;245;426;41;215;;2019
Kyrgyzstan;Central and Eastern Europe;86;5.261;551,00;1.438;;723;508;23;0.3;;2019
Turkmenistan;Central and Eastern Europe;87;5.247;1052,00;1.538;;657;394;28;244;;2019
Algeria;Middle East and Northern Africa;88;5.211;1002,00;1.16;;785;86;114;73;;2019
Morocco;Middle East and Northern Africa;89;5.208;801,00;782;;782;418;76;36;;2019
Azerbaijan;Central and Eastern Europe;90;5.208;1043,00;1.147;;769;351;182;35;;2019
Lebanon;Middle East and Northern Africa;91;5.197;987,00;1.224;;815;216;27;166;;2019
Indonesia;Southeastern Asia;92;5.192;931,00;1.203;;0.66;491;28;498;;2019
China;Eastern Asia;93;5.191;1029,00;1.125;;893;521;0.1;58;;2019
Vietnam;Southeastern Asia;94;5.175;741,00;1.346;;851;543;73;147;;2019
Bhutan;Southern Asia;95;5.082;813,00;1.321;;604;457;167;0.37;;2019
Cameroon;Sub-Saharan Africa;96;5.044;549,00;0.91;;331;381;37;187;;2019
Bulgaria;Central and Eastern Europe;97;5.011;1092,00;1.513;;815;311;4;81;;2019
Ghana;Sub-Saharan Africa;98;4.996;611,00;868;;486;381;0.04;245;;2019
Ivory Coast;Sub-Saharan Africa;99;4.944;569,00;808;;232;352;0.09;154;;2019
Nepal;Southern Asia;100;4.913;446,00;1.226;;677;439;89;285;;2019
Jordan;Middle East and Northern Africa;101;4.906;837,00;1.225;;815;383;0.13;0.11;;2019
Benin;Sub-Saharan Africa;102;4.883;393,00;437;;397;349;82;175;;2019
Congo (Brazzaville);Sub-Saharan Africa;103;4.812;673,00;799;;508;372;93;105;;2019
Gabon;Sub-Saharan Africa;104;4.799;1057,00;1.183;;571;295;55;43;;2019
Laos;Southeastern Asia;105;4.796;764,00;1.03;;551;547;164;266;;2019
South Africa;Sub-Saharan Africa;106;4.722;0.96;1.351;;469;389;55;0.13;;2019
Albania;Central and Eastern Europe;107;4.719;947,00;848;;874;383;27;178;;2019
Venezuela;Latin America and Caribbean;108;4.707;0.96;1.427;;805;154;47;64;;2019
Cambodia;Southeastern Asia;109;4.7;574,00;1.122;;637;609;62;232;;2019
Palestinian Territories;Middle East and Northern Africa;110;4.696;657,00;1.247;;672;225;66;103;;2019
Senegal;Sub-Saharan Africa;111;4.681;0.45;1.134;;571;292;72;153;;2019
Somalia;Sub-Saharan Africa;112;4.668;0.0;698;;268;559;0.27;243;;2019
Namibia;Sub-Saharan Africa;113;4.639;879,00;1.313;;477;401;56;0.07;;2019
Niger;Sub-Saharan Africa;114;4.628;138,00;774;;366;318;102;188;;2019
Burkina Faso;Sub-Saharan Africa;115;4.587;331,00;1.056;;0.38;255;113;177;;2019
Armenia;Central and Eastern Europe;116;4.559;0.85;1.055;;815;283;64;95;;2019
Iran;Middle East and Northern Africa;117;4.548;1.1;842;;785;305;125;0.27;;2019
Guinea;Sub-Saharan Africa;118;4.534;0.38;829;;375;332;86;207;;2019
Georgia;Central and Eastern Europe;119;4.519;886,00;666;;752;346;164;43;;2019
Gambia;Sub-Saharan Africa;120;4.516;308,00;939;;428;382;167;269;;2019
Kenya;Sub-Saharan Africa;121;4.509;512,00;983;;581;431;53;372;;2019
Mauritania;Sub-Saharan Africa;122;4.49;0.57;1.167;;489;66;88;106;;2019
Mozambique;Sub-Saharan Africa;123;4.466;204,00;986;;0.39;494;138;197;;2019
Tunisia;Middle East and Northern Africa;124;4.461;921,00;1.0;;815;167;55;59;;2019
Bangladesh;Southern Asia;125;4.456;562,00;928;;723;527;143;166;;2019
Iraq;Middle East and Northern Africa;126;4.437;1043,00;0.98;;574;241;89;148;;2019
Congo (Kinshasa);Sub-Saharan Africa;127;4.418;94,00;1.125;;357;269;53;212;;2019
Mali;Sub-Saharan Africa;128;4.39;385,00;1.105;;308;327;52;153;;2019
Sierra Leone;Sub-Saharan Africa;129;4.374;268,00;841;;242;309;45;252;;2019
Sri Lanka;Southern Asia;130;4.366;949,00;1.265;;831;0.47;47;244;;2019
Myanmar;Southeastern Asia;131;4.36;0.71;1.181;;555;525;172;566;;2019
Chad;Sub-Saharan Africa;132;4.35;0.35;766;;192;174;78;198;;2019
Ukraine;Central and Eastern Europe;133;4.332;0.82;1.39;;739;178;0.01;187;;2019
Ethiopia;Sub-Saharan Africa;134;4.286;336,00;1.033;;532;344;0.1;209;;2019
Swaziland;Sub-Saharan Africa;135;4.212;811,00;1.149;;0.0;313;135;74;;2019
Uganda;Sub-Saharan Africa;136;4.189;332,00;1.069;;443;356;0.06;252;;2019
Egypt;Middle East and Northern Africa;137;4.166;913,00;1.039;;644;241;67;76;;2019
Zambia;Sub-Saharan Africa;138;4.107;578,00;1.058;;426;431;87;247;;2019
Togo;Sub-Saharan Africa;139;4.085;275,00;572;;0.41;293;85;177;;2019
India;Southern Asia;140;4.015;755,00;765;;588;498;85;0.2;;2019
Liberia;Sub-Saharan Africa;141;3.975;73,00;922;;443;0.37;33;233;;2019
Comoros;Sub-Saharan Africa;142;3.973;274,00;757;;505;142;78;275;;2019
Madagascar;Sub-Saharan Africa;143;3.933;274,00;916;;555;148;41;169;;2019
Lesotho;Sub-Saharan Africa;144;3.802;489,00;1.169;;168;359;93;107;;2019
Burundi;Sub-Saharan Africa;145;3.775;46,00;447;;0.38;0.22;0.18;176;;2019
Zimbabwe;Sub-Saharan Africa;146;3.663;366,00;1.114;;433;361;89;151;;2019
Haiti;Latin America and Caribbean;147;3.597;323,00;688;;449;26;0.11;419;;2019
Botswana;Sub-Saharan Africa;148;3.488;1041,00;1.145;;538;455;0.1;25;;2019
Syria;Middle East and Northern Africa;149;3.462;619,00;378;;0.44;13;141;331;;2019
Malawi;Sub-Saharan Africa;150;3.41;191,00;0.56;;495;443;89;218;;2019
Yemen;Middle East and Northern Africa;151;3.38;287,00;1.163;;463;143;77;108;;2019
Rwanda;Sub-Saharan Africa;152;3.334;359,00;711;;614;555;411;217;;2019
Tanzania;Sub-Saharan Africa;153;3.231;476,00;885;;499;417;147;276;;2019
Afghanistan;Southern Asia;154;3.203;0.35;517;;361;0.0;25;158;;2019
Central African Republic;Sub-Saharan Africa;155;3.083;26,00;0.0;;105;225;35;235;;2019
South Sudan;Sub-Saharan Africa;156;2.853;306,00;575;;295;0.01;91;202;;2019